"","x"
"1","aac"
"2","aaca4"
"3","aaca4_1"
"4","aaca4_2"
"5","aacc1"
"6","aacc2"
"7","aada"
"8","aada4"
"9","aaea"
"10","aaeb"
"11","aaer"
"12","aaex"
"13","aap"
"14","aas"
"15","aas_1"
"16","aas_2"
"17","aat"
"18","aata"
"19","aatb"
"20","aatc"
"21","aatd"
"22","aatp"
"23","abct4"
"24","abfa"
"25","abfb"
"26","abgr_2"
"27","abgt"
"28","abla"
"29","ablb"
"30","abpa"
"31","abpr"
"32","acad"
"33","acba"
"34","acbb"
"35","acbc"
"36","acbd"
"37","acca"
"38","accb"
"39","accc"
"40","accc-1"
"41","accc-2"
"42","accd"
"43","accd_2"
"44","accd5"
"45","acce"
"46","accf"
"47","accg"
"48","accr"
"49","acda"
"50","acds"
"51","acea"
"52","aceb"
"53","acee"
"54","acef"
"55","acek"
"56","acka"
"57","acna"
"58","acnb"
"59","acnd"
"60","acnm"
"61","acoa"
"62","acob"
"63","acoc"
"64","acoc_2"
"65","acor_1"
"66","acp"
"67","acpa"
"68","acpb"
"69","acph"
"70","acpp"
"71","acpp_2"
"72","acpp_3"
"73","acps"
"74","acpt"
"75","acr1"
"76","acra"
"77","acra_2"
"78","acrb"
"79","acrb_1"
"80","acrd"
"81","acrf"
"82","acrr"
"83","acs"
"84","acsa"
"85","acsa_2"
"86","acsf"
"87","acta"
"88","actb"
"89","actd"
"90","actiii"
"91","actp"
"92","actp_2"
"93","actp-2"
"94","acuc"
"95","acud"
"96","acvb"
"97","acyp"
"98","ada"
"99","ada_1"
"100","ada_2"
"101","adaa_1"
"102","adc"
"103","add"
"104","adda"
"105","addb"
"106","ade"
"107","adeb"
"108","adec"
"109","adek"
"110","adep"
"111","ader"
"112","ades"
"113","adh"
"114","adhb"
"115","adhc"
"116","adhe"
"117","adhe_1"
"118","adhe_2"
"119","adhp"
"120","adht"
"121","adia"
"122","adic"
"123","adic_1"
"124","adiy"
"125","adk"
"126","adra"
"127","aega"
"128","aepx"
"129","aepy"
"130","aer"
"131","aer_1"
"132","aes"
"133","afab"
"134","afsr"
"135","agaa"
"136","agab"
"137","agac"
"138","agad"
"139","agai"
"140","agar"
"141","agas"
"142","agav"
"143","agg3d"
"144","agga"
"145","aglb"
"146","agp"
"147","agpa"
"148","agua"
"149","agub"
"150","ahcy"
"151","ahpc"
"152","ahpc_2"
"153","ahpd"
"154","ahpf"
"155","aiia"
"156","ail"
"157","alaa"
"158","alac"
"159","alae"
"160","alas"
"161","alas_2"
"162","alc"
"163","ald"
"164","alda"
"165","aldb"
"166","alia"
"167","alib"
"168","alka"
"169","alkb"
"170","alkj"
"171","allb"
"172","allc"
"173","alld"
"174","alls_2"
"175","alls_8"
"176","alr"
"177","alsa"
"178","alsb"
"179","alsc"
"180","alse"
"181","alsk"
"182","alsr"
"183","alss"
"184","alx"
"185","alx_2"
"186","amaa_2"
"187","amab"
"188","amacr"
"189","amda"
"190","amia"
"191","amib"
"192","amic"
"193","amic_1"
"194","amic_2"
"195","amic_3"
"196","amid"
"197","amie"
"198","amif"
"199","aml"
"200","amn"
"201","ampc"
"202","ampd"
"203","ampe"
"204","ampg"
"205","ampg_2"
"206","amph"
"207","ampr"
"208","amrb"
"209","amrs"
"210","amt"
"211","amtb"
"212","amtb_1"
"213","amtb_2"
"214","amya"
"215","amys"
"216","angr"
"217","anmk"
"218","anr"
"219","ansa"
"220","ansb"
"221","ansp"
"222","ant1"
"223","ant1_1"
"224","ant1_2"
"225","anta"
"226","antb"
"227","antc"
"228","apag"
"229","apah"
"230","apbc"
"231","apbe"
"232","apbe_2"
"233","apc3"
"234","apc4"
"235","aph"
"236","apha"
"237","apha_1"
"238","apha1"
"239","appa"
"240","appa_2"
"241","appb"
"242","appc"
"243","apt"
"244","aqpz"
"245","aqpz2"
"246","araa"
"247","arab"
"248","arab_2"
"249","arab_3"
"250","arac"
"251","arad"
"252","arae"
"253","arae_1"
"254","arae_2"
"255","arag"
"256","arah"
"257","araj"
"258","arap"
"259","arc"
"260","arca"
"261","arca_2"
"262","arcb"
"263","arcb_2"
"264","arcc"
"265","arcc_2"
"266","arcc1"
"267","arcc1_2"
"268","arcd"
"269","arda"
"270","ardc"
"271","ardk"
"272","arfa"
"273","arfb"
"274","arga"
"275","argb"
"276","argc"
"277","arge"
"278","argf"
"279","argg"
"280","argh"
"281","argh-2"
"282","argj"
"283","argo"
"284","argp"
"285","argr"
"286","args"
"287","args_1"
"288","args_2"
"289","argt"
"290","argt_2"
"291","arir"
"292","arlr"
"293","arls"
"294","arna"
"295","arnb"
"296","arnb_2"
"297","arnc"
"298","arne"
"299","arnf"
"300","arnt"
"301","aroa"
"302","arob"
"303","aroc"
"304","arod"
"305","aroe"
"306","aroe_2"
"307","aroe-2"
"308","arof"
"309","arog"
"310","aroh"
"311","arok"
"312","arol"
"313","arop"
"314","aroq"
"315","aroq_2"
"316","arpa_1"
"317","arpa_2"
"318","arr"
"319","arsa"
"320","arsa_1"
"321","arsa_2"
"322","arsa_3"
"323","arsb"
"324","arsb_2"
"325","arsc"
"326","arsc_1"
"327","arsc_2"
"328","arsc_3"
"329","arsd"
"330","arsh"
"331","arsj"
"332","arsm"
"333","arsr"
"334","arsr2"
"335","arti_1"
"336","arti_2"
"337","arti_3"
"338","artj"
"339","artj_1"
"340","artm"
"341","artm_3"
"342","artm_4"
"343","artm_5"
"344","artp"
"345","artq"
"346","artq_2"
"347","ascb"
"348","ascd"
"349","ascf"
"350","ascg"
"351","ascg_2"
"352","ascg_3"
"353","asd"
"354","aser"
"355","asma"
"356","asna"
"357","asnb"
"358","asnc"
"359","asns"
"360","asp1"
"361","asp2"
"362","asp3"
"363","aspa"
"364","aspa_2"
"365","aspb_2"
"366","aspc"
"367","aspd"
"368","asps"
"369","aspt"
"370","asr"
"371","asra"
"372","asrb"
"373","asrc"
"374","asta"
"375","astb"
"376","astd"
"377","aste"
"378","atoc"
"379","atod"
"380","atos"
"381","atpa"
"382","atpb"
"383","atpc"
"384","atpc_2"
"385","atpd"
"386","atpe"
"387","atpf"
"388","atpg"
"389","atph"
"390","atpi"
"391","atsa"
"392","atsa_3"
"393","atsa_4"
"394","atsb"
"395","atzb"
"396","atzc"
"397","atzd"
"398","atzf"
"399","aut"
"400","avrbs3"
"401","avta"
"402","azlc"
"403","azob"
"404","azor"
"405","azor_1"
"406","azor_2"
"407","azor3"
"408","azr"
"409","azu"
"410","baca"
"411","bacd"
"412","badh"
"413","badi"
"414","baeb"
"415","baer"
"416","baes"
"417","baia1"
"418","bama"
"419","bamb"
"420","bamc"
"421","bamd"
"422","bame"
"423","bapa"
"424","bar"
"425","bara"
"426","bara_1"
"427","bara_2"
"428","bara_3"
"429","bara_4"
"430","bara_5"
"431","basc"
"432","basr"
"433","basr_2"
"434","basr_3"
"435","bcea"
"436","bcfb"
"437","bcfc"
"438","bchc"
"439","bche"
"440","bchf"
"441","bchi"
"442","bchj"
"443","bchl"
"444","bchm"
"445","bchy"
"446","bchz"
"447","bcp"
"448","bcp_1"
"449","bcp_2"
"450","bcr"
"451","bcr_1"
"452","bcr_2"
"453","bcra"
"454","bcrb"
"455","bcrc"
"456","bcsa"
"457","bcsb"
"458","bcsc"
"459","bcse"
"460","bcsf"
"461","bcsg"
"462","bcsq"
"463","bcsz"
"464","bdbc"
"465","bdca"
"466","bdcr"
"467","bdha-1"
"468","bdm"
"469","beda"
"470","bena"
"471","benb"
"472","bend"
"473","bene"
"474","benm"
"475","benm_4"
"476","bepa"
"477","bepd"
"478","bepe"
"479","bepf"
"480","bet"
"481","beta"
"482","betb"
"483","betb_3"
"484","betc"
"485","beti"
"486","betp"
"487","betp_2"
"488","bett"
"489","bfd"
"490","bfmbab"
"491","bfmr"
"492","bfms"
"493","bfpb"
"494","bfpe"
"495","bfph"
"496","bfr"
"497","bgla"
"498","bgla_1"
"499","bgla_3"
"500","bglb"
"501","bglf"
"502","bglf_1"
"503","bglf_2"
"504","bglg"
"505","bglh_1"
"506","bglh_2"
"507","bglh_3"
"508","bglh_4"
"509","bglj"
"510","bgls"
"511","bglx"
"512","bhba"
"513","bhsa"
"514","bica"
"515","bin3"
"516","bin3_1"
"517","bioa"
"518","biob"
"519","bioc"
"520","bioc_1"
"521","bioc_2"
"522","biod"
"523","biod1_2"
"524","biof"
"525","bioh"
"526","bioi"
"527","bira"
"528","bkda1"
"529","bkda2"
"530","bkdb"
"531","bktb"
"532","bla"
"533","bla_1"
"534","blaa"
"535","blai"
"536","blar1"
"537","blari"
"538","blased"
"539","blatem"
"540","blaz"
"541","blc"
"542","blc_1"
"543","blcr"
"544","ble"
"545","bleo"
"546","blly"
"547","blr"
"548","blt"
"549","bltd"
"550","blub"
"551","bluf"
"552","blur"
"553","blya"
"554","bm3r1"
"555","bmr3"
"556","bmra"
"557","bmrr"
"558","bola"
"559","bopa"
"560","botr"
"561","boxa"
"562","boxb"
"563","bper"
"564","bpha"
"565","bpha1"
"566","bpha2"
"567","bpha3"
"568","bpha4"
"569","bphb"
"570","bphc"
"571","bphd"
"572","bphf"
"573","bpla"
"574","bplb"
"575","brac"
"576","brkb"
"577","brnq"
"578","brxa"
"579","bsdc_1"
"580","bsdc_2"
"581","bsdd"
"582","bsh"
"583","bsha"
"584","bshc"
"585","bsma"
"586","bssr"
"587","bsss"
"588","btrk"
"589","btub"
"590","btub_5"
"591","btuc"
"592","btud"
"593","btuf"
"594","buda"
"595","buk"
"596","caa"
"597","cada"
"598","cadb"
"599","cadc"
"600","cadc_2"
"601","cadd"
"602","cadr"
"603","cadx"
"604","caf1"
"605","caf1a"
"606","caia"
"607","caib"
"608","caic"
"609","caid"
"610","caie"
"611","caif"
"612","cait"
"613","can"
"614","capb"
"615","capd"
"616","cara"
"617","carb"
"618","card"
"619","carh"
"620","cas1"
"621","cas10"
"622","cas1b"
"623","cas1e"
"624","cas1f"
"625","cas2"
"626","cas2e"
"627","cas3"
"628","cas3f"
"629","cas3u"
"630","cas4"
"631","cas5"
"632","cas5b"
"633","cas5d"
"634","cas5e"
"635","cas5u6u"
"636","cas6"
"637","cas6e"
"638","cas6f"
"639","cas7c"
"640","cas7e"
"641","cas7u"
"642","cas8a1"
"643","cas8c"
"644","cas9"
"645","casa"
"646","casb"
"647","cat"
"648","cata"
"649","cata1"
"650","catb"
"651","catb2"
"652","catb3"
"653","catc"
"654","catd_2"
"655","cate"
"656","catm"
"657","cax"
"658","cbba"
"659","cbbe"
"660","cbbl"
"661","cbbp"
"662","cbbr"
"663","cbbs"
"664","cbbx"
"665","cbdx"
"666","cbea"
"667","cbha"
"668","cbhe"
"669","cbib"
"670","cbic"
"671","cbid"
"672","cbie"
"673","cbig"
"674","cbim"
"675","cbiq"
"676","cbit"
"677","cbl"
"678","cbp"
"679","cbpa"
"680","cbpm"
"681","cbta"
"682","cca"
"683","ccda"
"684","ccdb"
"685","ccma"
"686","ccmb"
"687","ccmc_1"
"688","ccmc_2"
"689","ccmd"
"690","ccme"
"691","ccmf_1"
"692","ccmf_2"
"693","ccmf-2"
"694","ccmh_1"
"695","ccmh_2"
"696","ccmh-2"
"697","ccmi"
"698","ccog"
"699","ccon"
"700","ccoo"
"701","ccop"
"702","ccos"
"703","ccpa"
"704","ccpm"
"705","ccra"
"706","ccsa"
"707","ccsb"
"708","cdaa"
"709","cdar"
"710","cdd"
"711","cdhr"
"712","cdia"
"713","cdib"
"714","cdii"
"715","cdsa"
"716","cdta"
"717","cdtb"
"718","cdtc"
"719","ceda"
"720","cefd"
"721","cel1"
"722","cela"
"723","celb"
"724","celc"
"725","cex"
"726","cfa"
"727","cfaa"
"728","cfr"
"729","cfrb"
"730","cgea"
"731","cgeb"
"732","cgec"
"733","cged"
"734","cgee"
"735","cgka"
"736","cgta"
"737","chaa"
"738","chab"
"739","chac"
"740","chba"
"741","chbb"
"742","chbc"
"743","chbg"
"744","chbr"
"745","chea"
"746","cheb"
"747","cheb1"
"748","ched"
"749","ched_1"
"750","ched_2"
"751","chem"
"752","cher"
"753","chew"
"754","chew-2"
"755","chew-4"
"756","chey"
"757","chey_2"
"758","chez"
"759","chia1"
"760","chia1_2"
"761","chib"
"762","chip"
"763","chlg"
"764","cho"
"765","chov"
"766","chow"
"767","chox"
"768","chpb"
"769","chps"
"770","chra"
"771","chrb"
"772","chus"
"773","chuy"
"774","chvh"
"775","cif"
"776","cifr"
"777","cima"
"778","cira"
"779","cira_1"
"780","cira_2"
"781","cita_1"
"782","citb_1"
"783","citc"
"784","citc_1"
"785","citd"
"786","citd_1"
"787","cite"
"788","cite_1"
"789","citf"
"790","citf_1"
"791","citg"
"792","cits"
"793","citt"
"794","citx"
"795","citz"
"796","clca"
"797","clcb"
"798","clcd"
"799","cld"
"800","closi"
"801","clpa"
"802","clpb"
"803","clpb_2"
"804","clpc"
"805","clpp"
"806","clpp_2"
"807","clps"
"808","clpv"
"809","clpv1-1"
"810","clpv1-2"
"811","clpx"
"812","cls"
"813","clsa"
"814","clsb"
"815","clsc"
"816","cma"
"817","cmaa"
"818","cmdd"
"819","cmdf"
"820","cmk"
"821","cmla"
"822","cmla1"
"823","cmoa"
"824","cmob"
"825","cmom"
"826","cmpa"
"827","cmpr_2"
"828","cmr1"
"829","cmr3"
"830","cmr4"
"831","cmr5"
"832","cmr6"
"833","cmtb"
"834","cmx"
"835","cna"
"836","cnbcb"
"837","cnf2"
"838","cnra"
"839","cnrb"
"840","cnrh"
"841","cnrt"
"842","coaa"
"843","coabc"
"844","coad"
"845","coae"
"846","coba"
"847","cobb"
"848","cobc"
"849","cobd"
"850","cobf"
"851","cobg"
"852","cobh"
"853","cobi"
"854","cobj"
"855","cobk"
"856","cobl"
"857","cobm"
"858","cobn"
"859","cobo"
"860","cobq"
"861","cobs"
"862","cobs_2"
"863","cobt"
"864","cobu"
"865","cobw"
"866","coda"
"867","codb"
"868","cody"
"869","cof"
"870","cofc"
"871","cofd"
"872","cofe"
"873","coff"
"874","cofg"
"875","cofh"
"876","cola"
"877","coma"
"878","comd"
"879","come"
"880","comea"
"881","comer"
"882","comr"
"883","comx"
"884","cooa"
"885","coos"
"886","cooxm"
"887","copa"
"888","copa_2"
"889","copa_3"
"890","copb"
"891","copc"
"892","copd"
"893","copk"
"894","copr"
"895","cops"
"896","copz"
"897","coq7"
"898","cora"
"899","cora_2"
"900","cora_3"
"901","corc"
"902","cote"
"903","cown"
"904","coxb"
"905","coxg"
"906","coxm"
"907","coxm-2"
"908","coxn"
"909","coxo"
"910","coxp"
"911","coxs"
"912","cpab"
"913","cpaf"
"914","cpca"
"915","cpda"
"916","cpda_2"
"917","cpda_3"
"918","cpdb"
"919","cpe"
"920","cpea"
"921","cpeb"
"922","cpef"
"923","cph2"
"924","cph2_1"
"925","cph2_2"
"926","cph2_4"
"927","cpha"
"928","cpna"
"929","cpo"
"930","cpo_2"
"931","cpob"
"932","cpsb"
"933","cpsg"
"934","cpsy"
"935","cpt"
"936","cpta"
"937","cpxa"
"938","cpxp"
"939","cpxr"
"940","cqsa"
"941","cra"
"942","crcb"
"943","crcb_2"
"944","cre"
"945","crea"
"946","creb"
"947","crec"
"948","cred"
"949","crfc"
"950","crga"
"951","crl"
"952","crp"
"953","crr"
"954","crr_1"
"955","crr_2"
"956","crtb"
"957","crtf"
"958","crti"
"959","crty"
"960","csaa"
"961","csab"
"962","csbx_1"
"963","csbx_2"
"964","csda"
"965","csdb_1"
"966","csde"
"967","csf1"
"968","csf2"
"969","csf3"
"970","csf4"
"971","csfb"
"972","csga"
"973","csgb"
"974","csgc"
"975","csgd"
"976","csge"
"977","csgf"
"978","csgg"
"979","csha"
"980","csid"
"981","csie"
"982","csir"
"983","csm2"
"984","csm3"
"985","csm4"
"986","csm5"
"987","csm6"
"988","csor"
"989","csor_1"
"990","csor_2"
"991","cspa"
"992","cspc"
"993","cspd"
"994","cspe"
"995","cspf"
"996","cspg"
"997","csph"
"998","csra"
"999","csrd"
"1000","csta"
"1001","csta_1"
"1002","csta_2"
"1003","cstc"
"1004","cstr"
"1005","csua"
"1006","csub"
"1007","csuc"
"1008","csud"
"1009","csue"
"1010","csx10"
"1011","csx3"
"1012","csy1"
"1013","csy2"
"1014","csy3"
"1015","ctad"
"1016","ctag"
"1017","ctfa"
"1018","ctfb"
"1019","cti"
"1020","ctpf_1"
"1021","ctpf_2"
"1022","cueo"
"1023","cuer"
"1024","cuer_1"
"1025","cuer_2"
"1026","cura"
"1027","cusa"
"1028","cusa_2"
"1029","cusb"
"1030","cusb_2"
"1031","cusc"
"1032","cusf"
"1033","cusr"
"1034","cusr_2"
"1035","cusr_3"
"1036","cuss"
"1037","cuss_1"
"1038","cuss_2"
"1039","cuss_3"
"1040","cuss_5"
"1041","cuta"
"1042","cutc"
"1043","cuts"
"1044","cvaa"
"1045","cvfb"
"1046","cvpa"
"1047","cvra"
"1048","cwld"
"1049","cwlh"
"1050","cwlk"
"1051","cya"
"1052","cyaa"
"1053","cyab"
"1054","cyay"
"1055","cybb"
"1056","cybc"
"1057","cybh"
"1058","cyca"
"1059","cyda"
"1060","cyda_3"
"1061","cydb"
"1062","cydc"
"1063","cydd"
"1064","cydx"
"1065","cymr"
"1066","cynr"
"1067","cynr_1"
"1068","cynr_3"
"1069","cynr_5"
"1070","cyns"
"1071","cynt"
"1072","cynt_2"
"1073","cynx"
"1074","cyoa"
"1075","cyoa-2"
"1076","cyob"
"1077","cyob_2"
"1078","cyoc"
"1079","cyoc_2"
"1080","cyod"
"1081","cyoe"
"1082","cypc"
"1083","cysa"
"1084","cysa_1"
"1085","cysa_2"
"1086","cysa-2"
"1087","cysb"
"1088","cysc"
"1089","cysc-2"
"1090","cysd"
"1091","cyse"
"1092","cyse_1"
"1093","cyse_2"
"1094","cysg"
"1095","cysg_1"
"1096","cysg_2"
"1097","cysg-2"
"1098","cysh"
"1099","cysh_1"
"1100","cysh_2"
"1101","cysi"
"1102","cysi_1"
"1103","cysi_2"
"1104","cysj"
"1105","cysk"
"1106","cysk_1"
"1107","cysk_2"
"1108","cysk_3"
"1109","cysk-2"
"1110","cysl_1"
"1111","cysl_2"
"1112","cysm"
"1113","cysm_2"
"1114","cysn"
"1115","cysp"
"1116","cysp_1"
"1117","cysq"
"1118","cyss"
"1119","cyss_1"
"1120","cyss_2"
"1121","cyst"
"1122","cysw"
"1123","cysw_1"
"1124","cysw_2"
"1125","cysw_3"
"1126","cysz"
"1127","cytr"
"1128","cytr_1"
"1129","cytr_3"
"1130","czc"
"1131","czca"
"1132","czcb"
"1133","czcc"
"1134","czcd"
"1135","czce"
"1136","czci"
"1137","czcn"
"1138","czcr"
"1139","czcs"
"1140","daaa"
"1141","daca"
"1142","dacb"
"1143","dacc"
"1144","dacc_1"
"1145","dacc_2"
"1146","dacd"
"1147","dada"
"1148","dada-2"
"1149","dadx"
"1150","dagr"
"1151","dam"
"1152","dam_2"
"1153","damx"
"1154","dan"
"1155","dapa"
"1156","dapa_1"
"1157","dapa-2"
"1158","dapa4"
"1159","dapb"
"1160","dapc"
"1161","dapd"
"1162","dape"
"1163","dape_1"
"1164","dape_2"
"1165","dapf"
"1166","dapg"
"1167","dapl"
"1168","dara"
"1169","darb"
"1170","dat"
"1171","daua"
"1172","dbp"
"1173","dbpa"
"1174","dbpb"
"1175","dcd"
"1176","dcm"
"1177","dcm_2"
"1178","dcm1"
"1179","dcm2"
"1180","dcm3"
"1181","dcp"
"1182","dcrb"
"1183","dcta"
"1184","dcta-1"
"1185","dcta-2"
"1186","dctb"
"1187","dctd"
"1188","dctm"
"1189","dctp"
"1190","dcua"
"1191","dcub"
"1192","dcuc"
"1193","dcur"
"1194","dcus"
"1195","dcyd"
"1196","ddl"
"1197","ddla"
"1198","ddlb"
"1199","ddpb"
"1200","ddpc_1"
"1201","ddpx"
"1202","ddra"
"1203","ddrb"
"1204","dead"
"1205","decr"
"1206","deda"
"1207","dedd"
"1208","def"
"1209","def_1"
"1210","def_2"
"1211","degp"
"1212","degq"
"1213","degr"
"1214","degs"
"1215","degs_2"
"1216","degu"
"1217","deoa"
"1218","deob"
"1219","deoc"
"1220","deod"
"1221","deod1"
"1222","deor"
"1223","der"
"1224","der_1"
"1225","desii"
"1226","desk"
"1227","devc"
"1228","devr"
"1229","dfra"
"1230","dfra1"
"1231","dfrb"
"1232","dfrd"
"1233","dgae"
"1234","dgoa"
"1235","dgoa_2"
"1236","dgod"
"1237","dgok"
"1238","dgor"
"1239","dgt"
"1240","dgt_2"
"1241","dhak"
"1242","dhak-1"
"1243","dhak-2"
"1244","dhak1"
"1245","dhal"
"1246","dhal-1"
"1247","dhal-2"
"1248","dham"
"1249","dhaq"
"1250","dhar"
"1251","dhat"
"1252","dhba"
"1253","dhbc"
"1254","dhbe"
"1255","dhbf"
"1256","dhfr"
"1257","dhma1"
"1258","dhma2"
"1259","dht"
"1260","diaa"
"1261","dinb"
"1262","dinb_1"
"1263","dinb_2"
"1264","dinb-2"
"1265","dind"
"1266","dinf"
"1267","ding"
"1268","ding_2"
"1269","dini"
"1270","dinj"
"1271","disa"
"1272","djla"
"1273","dkga"
"1274","dkgb"
"1275","dksa"
"1276","dld"
"1277","dlta"
"1278","dltb"
"1279","dltc"
"1280","dltd"
"1281","dlte"
"1282","dltx"
"1283","dmef"
"1284","dmfa1"
"1285","dmla"
"1286","dmlr_15"
"1287","dmlr_16"
"1288","dmlr_17"
"1289","dmlr_19"
"1290","dmlr_2"
"1291","dmlr_20"
"1292","dmlr_3"
"1293","dmlr_30"
"1294","dmlr_31"
"1295","dmlr_32"
"1296","dmlr_9"
"1297","dmpg"
"1298","dmph"
"1299","dmpi"
"1300","dmsa"
"1301","dmsb"
"1302","dmsb_2"
"1303","dmsc_2"
"1304","dmsd"
"1305","dmt"
"1306","dnaa"
"1307","dnab"
"1308","dnab_1"
"1309","dnab_2"
"1310","dnac"
"1311","dnae"
"1312","dnae_1"
"1313","dnae_2"
"1314","dnae2"
"1315","dnae2_1"
"1316","dnae2_2"
"1317","dnae2-2"
"1318","dnag"
"1319","dnag_2"
"1320","dnai"
"1321","dnaj"
"1322","dnak"
"1323","dnak_2"
"1324","dnan"
"1325","dnan_2"
"1326","dnaq"
"1327","dnaq_2"
"1328","dnat"
"1329","dnax"
"1330","dnax_2"
"1331","dnda"
"1332","dndb"
"1333","dndc"
"1334","dndd"
"1335","dnde"
"1336","doc"
"1337","doea"
"1338","doeb"
"1339","dora"
"1340","dosp_1"
"1341","dosp_2"
"1342","dota"
"1343","dotb"
"1344","dotd"
"1345","dpal"
"1346","dpia"
"1347","dpib"
"1348","dpna"
"1349","dppa"
"1350","dppa-3"
"1351","dppb"
"1352","dppc"
"1353","dppd"
"1354","dppf"
"1355","dpra"
"1356","dps"
"1357","dptf"
"1358","dptg"
"1359","drag"
"1360","drra"
"1361","drrb"
"1362","dsba"
"1363","dsba_2"
"1364","dsbb"
"1365","dsbc"
"1366","dsbc_2"
"1367","dsbd"
"1368","dsbe"
"1369","dsbg"
"1370","dsbi"
"1371","dsda"
"1372","dsdc"
"1373","dsdx"
"1374","dsrb"
"1375","dtd"
"1376","dtpa"
"1377","dtpb"
"1378","dtpc"
"1379","dtpd"
"1380","dtpt"
"1381","dusa"
"1382","dusb"
"1383","dusc"
"1384","dut"
"1385","dxs"
"1386","dxs_2"
"1387","eama"
"1388","eamb"
"1389","earp"
"1390","eat"
"1391","ebga"
"1392","ebgc"
"1393","ebgr"
"1394","ebh"
"1395","ebps"
"1396","ecca"
"1397","eccb"
"1398","eccca"
"1399","ecccb"
"1400","eccd"
"1401","ecce"
"1402","ecf"
"1403","ecfa1"
"1404","ecfa2_2"
"1405","ecfa3"
"1406","ecna"
"1407","ecnb"
"1408","eco"
"1409","ecoriir"
"1410","ecpa"
"1411","ecpb"
"1412","ecpc"
"1413","ecpd"
"1414","ecpe"
"1415","ecpr"
"1416","ecsa"
"1417","ecta"
"1418","ectb"
"1419","eda"
"1420","edd"
"1421","eex"
"1422","efeb"
"1423","efeo"
"1424","efeu"
"1425","efp"
"1426","egl"
"1427","egta"
"1428","egtb"
"1429","egtc"
"1430","egtd"
"1431","ehua"
"1432","ehub"
"1433","ehuc"
"1434","ehud"
"1435","elab"
"1436","elbb"
"1437","eltp"
"1438","elyc"
"1439","embr_1"
"1440","embr_2"
"1441","emra"
"1442","emra_2"
"1443","emrb"
"1444","emrb_2"
"1445","emrd"
"1446","emre_1"
"1447","emre_2"
"1448","emre_3"
"1449","emre_4"
"1450","emta"
"1451","enda"
"1452","enga"
"1453","eno"
"1454","enta"
"1455","entb"
"1456","entc"
"1457","entd"
"1458","ente"
"1459","entf"
"1460","enth"
"1461","ents"
"1462","envc"
"1463","envr"
"1464","envz"
"1465","epd"
"1466","epma"
"1467","epmb"
"1468","epse"
"1469","epsf"
"1470","epsi"
"1471","epta"
"1472","eptb"
"1473","eptc"
"1474","era"
"1475","era_1"
"1476","era_2"
"1477","era_3"
"1478","erea"
"1479","ereb"
"1480","eric"
"1481","erm"
"1482","erma"
"1483","ermb"
"1484","ermc"
"1485","erpa"
"1486","erya_1"
"1487","erya_2"
"1488","erya_3"
"1489","esaa"
"1490","espc"
"1491","espi"
"1492","espk"
"1493","espp"
"1494","espt"
"1495","essa"
"1496","essb"
"1497","essc"
"1498","essd"
"1499","esta2"
"1500","estb"
"1501","estx"
"1502","etfa"
"1503","etfa-2"
"1504","etfb"
"1505","etfb-2"
"1506","etk"
"1507","etp"
"1508","etpc"
"1509","etpd"
"1510","etpe"
"1511","etpf"
"1512","etpg"
"1513","etph"
"1514","etpi"
"1515","etpj"
"1516","etpk"
"1517","etpl"
"1518","etpm"
"1519","etpn"
"1520","etta"
"1521","euta"
"1522","eutb"
"1523","eutc"
"1524","eutd"
"1525","eute"
"1526","eutg"
"1527","euth"
"1528","eutj"
"1529","eutk"
"1530","eutl"
"1531","eutm"
"1532","eutn"
"1533","eutp"
"1534","eutq"
"1535","eutr"
"1536","euts"
"1537","eutt"
"1538","evga"
"1539","evgs"
"1540","exbb"
"1541","exbd"
"1542","exc"
"1543","exo"
"1544","exoa"
"1545","exof"
"1546","exoh"
"1547","exoi"
"1548","exok"
"1549","exol"
"1550","exom"
"1551","exoo"
"1552","exop"
"1553","exot"
"1554","exou"
"1555","exov"
"1556","exow"
"1557","exox"
"1558","exoy"
"1559","exoz"
"1560","exsd"
"1561","exse"
"1562","exsh"
"1563","exur"
"1564","exut"
"1565","ezra"
"1566","f1pep1"
"1567","faba"
"1568","fabb"
"1569","fabd"
"1570","fabf"
"1571","fabf_3"
"1572","fabg"
"1573","fabg_1"
"1574","fabg_10"
"1575","fabg_11"
"1576","fabg_12"
"1577","fabg_17"
"1578","fabg_18"
"1579","fabg_19"
"1580","fabg_2"
"1581","fabg_3"
"1582","fabg_4"
"1583","fabg_5"
"1584","fabg_8"
"1585","fabg-2"
"1586","fabg-3"
"1587","fabg-4"
"1588","fabh"
"1589","fabh-2"
"1590","fabi"
"1591","fabi1"
"1592","fabk"
"1593","fabl"
"1594","fabr"
"1595","fabv"
"1596","faby"
"1597","fabz"
"1598","fabz_2"
"1599","fada"
"1600","fada_5"
"1601","fadb"
"1602","fadd"
"1603","fadd-3"
"1604","fade"
"1605","fadh"
"1606","fadi"
"1607","fadi_1"
"1608","fadi_2"
"1609","fadj"
"1610","fadk"
"1611","fadl"
"1612","fadm"
"1613","fadr"
"1614","fadr_3"
"1615","fae"
"1616","faec"
"1617","faed"
"1618","faee"
"1619","faef"
"1620","faeg"
"1621","faeh"
"1622","faei"
"1623","faha"
"1624","fapr"
"1625","fba"
"1626","fbaa"
"1627","fbab"
"1628","fbic"
"1629","fbp"
"1630","fbpa"
"1631","fbpb-2"
"1632","fbpc"
"1633","fcl"
"1634","fcua"
"1635","fdh3b"
"1636","fdha"
"1637","fdha_2"
"1638","fdhd"
"1639","fdhd_2"
"1640","fdhe"
"1641","fdhf"
"1642","fdng"
"1643","fdni"
"1644","fdoi"
"1645","fdra"
"1646","fdx"
"1647","fdx1"
"1648","fdxb"
"1649","fdxh"
"1650","fdxn"
"1651","fear"
"1652","fear_2"
"1653","feca"
"1654","feca_2"
"1655","fecb"
"1656","fecc"
"1657","fecd"
"1658","fece"
"1659","fece_2"
"1660","feci"
"1661","fecr"
"1662","fecr_2"
"1663","feda"
"1664","fema"
"1665","femb"
"1666","fenf"
"1667","feoa"
"1668","feob"
"1669","feoc"
"1670","fepa_3"
"1671","fepb"
"1672","fepc"
"1673","fepd"
"1674","fepe"
"1675","fepg"
"1676","fes"
"1677","fes_2"
"1678","feta"
"1679","fetb"
"1680","feuc"
"1681","ffh"
"1682","ffsa"
"1683","fgd"
"1684","fgd1"
"1685","fgha"
"1686","fhab_2"
"1687","fhcd"
"1688","fhla"
"1689","fhua"
"1690","fhua_5"
"1691","fhub"
"1692","fhuc"
"1693","fhud"
"1694","fhue"
"1695","fhuf"
"1696","fic"
"1697","fief"
"1698","fim"
"1699","fima"
"1700","fima_2"
"1701","fima_3"
"1702","fima_4"
"1703","fimb"
"1704","fimc"
"1705","fimc_2"
"1706","fimd"
"1707","fimd_3"
"1708","fimd_4"
"1709","fime"
"1710","fimf"
"1711","fimg"
"1712","fimh"
"1713","fimi"
"1714","fimt"
"1715","fimv"
"1716","fimy"
"1717","fimz"
"1718","fino"
"1719","fino_1"
"1720","fino_2"
"1721","fipa"
"1722","fis"
"1723","fitb"
"1724","fiu"
"1725","fixa"
"1726","fixb"
"1727","fixc"
"1728","fixj"
"1729","fixk"
"1730","fixl"
"1731","fixl_1"
"1732","fixl_2"
"1733","fixt"
"1734","fixu"
"1735","fixx"
"1736","fkbm"
"1737","fklb"
"1738","fkpa"
"1739","fkpb"
"1740","flaf"
"1741","flbt"
"1742","flda"
"1743","fldb"
"1744","flga"
"1745","flgb"
"1746","flgc"
"1747","flgc_1"
"1748","flgc_2"
"1749","flgd"
"1750","flgd_1"
"1751","flgd_2"
"1752","flge"
"1753","flgf"
"1754","flgf_1"
"1755","flgf_2"
"1756","flgg"
"1757","flgg_1"
"1758","flgg_2"
"1759","flgh"
"1760","flgh_1"
"1761","flgh_2"
"1762","flgi"
"1763","flgi_1"
"1764","flgi_2"
"1765","flgj"
"1766","flgk"
"1767","flgl"
"1768","flgm"
"1769","flgn"
"1770","flha"
"1771","flha_1"
"1772","flha_2"
"1773","flhb"
"1774","flhc"
"1775","flhd"
"1776","flhe"
"1777","flhf"
"1778","flia"
"1779","flib"
"1780","flic"
"1781","flid"
"1782","flie"
"1783","flif"
"1784","flig"
"1785","flih"
"1786","flii"
"1787","flij"
"1788","flik"
"1789","flil"
"1790","flim"
"1791","flin"
"1792","flio"
"1793","flip"
"1794","flip_1"
"1795","flip_2"
"1796","fliq"
"1797","flir"
"1798","flis"
"1799","flit"
"1800","fliy"
"1801","fliz"
"1802","flk"
"1803","flmc"
"1804","floa"
"1805","flor"
"1806","flrd"
"1807","flxa"
"1808","fmda"
"1809","fmt"
"1810","fmta"
"1811","fni"
"1812","fnla"
"1813","fnr"
"1814","foca"
"1815","fola"
"1816","fola_2"
"1817","folb"
"1818","folc"
"1819","fold"
"1820","fole"
"1821","fole2"
"1822","folk"
"1823","folm"
"1824","folp"
"1825","folp_1"
"1826","folp_2"
"1827","folx"
"1828","fosa"
"1829","fosb"
"1830","fosx"
"1831","foxa"
"1832","fpr"
"1833","fpr_2"
"1834","fpr-2"
"1835","fpta"
"1836","frc"
"1837","frck"
"1838","frda"
"1839","frdb"
"1840","frdc"
"1841","frdd"
"1842","fre"
"1843","fri"
"1844","frlb"
"1845","frld"
"1846","frlr"
"1847","frma"
"1848","frmb"
"1849","frmr"
"1850","frr"
"1851","frsa"
"1852","frua"
"1853","frua_3"
"1854","frua_4"
"1855","frub"
"1856","fruk"
"1857","frur"
"1858","frwb"
"1859","frwc"
"1860","frwd"
"1861","fsa"
"1862","fsr"
"1863","ftcd"
"1864","ftna"
"1865","ftra"
"1866","ftsa"
"1867","ftsb"
"1868","ftse"
"1869","ftsh"
"1870","ftsh_2"
"1871","ftsi"
"1872","ftsk"
"1873","ftsk_1"
"1874","ftsk_2"
"1875","ftsl"
"1876","ftsn"
"1877","ftsp"
"1878","ftsq"
"1879","ftsw"
"1880","ftsx"
"1881","ftsy"
"1882","ftsz"
"1883","ftsz_3"
"1884","fuca"
"1885","fuci"
"1886","fuck"
"1887","fuco"
"1888","fucp"
"1889","fucr"
"1890","fucu"
"1891","fuma"
"1892","fumb"
"1893","fumc"
"1894","fumd"
"1895","fur"
"1896","fur_2"
"1897","fusa"
"1898","fusa1"
"1899","fwdc"
"1900","fxlm"
"1901","fxsa"
"1902","fyua"
"1903","gabd"
"1904","gabd_2"
"1905","gabd_3"
"1906","gabd-3"
"1907","gabd1"
"1908","gabp"
"1909","gabr_1"
"1910","gabr_2"
"1911","gabr_3"
"1912","gabt"
"1913","gabt_2"
"1914","gadc"
"1915","gadw"
"1916","galb"
"1917","gale"
"1918","galf"
"1919","galk"
"1920","galk_2"
"1921","galm"
"1922","galm_1"
"1923","galm_2"
"1924","galp"
"1925","galr"
"1926","gals"
"1927","galt"
"1928","galu"
"1929","galu_2"
"1930","gap"
"1931","gap_2"
"1932","gap2"
"1933","gapa"
"1934","gapn"
"1935","gard"
"1936","gark"
"1937","garl"
"1938","garp"
"1939","garr"
"1940","gata"
"1941","gata_3"
"1942","gatb"
"1943","gatb_2"
"1944","gatc"
"1945","gatc_2"
"1946","gatc_3"
"1947","gatd"
"1948","gatz"
"1949","gbpa"
"1950","gbpr"
"1951","gbpr_2"
"1952","gcd"
"1953","gcdh"
"1954","gcl"
"1955","gcva"
"1956","gcva_1"
"1957","gcva_10"
"1958","gcva_2"
"1959","gcva_3"
"1960","gcva_6"
"1961","gcva_9"
"1962","gcvh"
"1963","gcvp"
"1964","gcvpa"
"1965","gcvpb"
"1966","gcvr"
"1967","gcvt"
"1968","gcvt_2"
"1969","gdh"
"1970","gdha"
"1971","genx"
"1972","gere"
"1973","germ"
"1974","gerq"
"1975","gerxa"
"1976","gerxb"
"1977","gerxc"
"1978","gfa"
"1979","gfca"
"1980","gfcb"
"1981","gfcc"
"1982","gfcd"
"1983","gfce"
"1984","ggps"
"1985","ggt"
"1986","ggt-2"
"1987","ghos"
"1988","ghot"
"1989","ghra"
"1990","ghrb"
"1991","ghxp"
"1992","glca"
"1993","glcb"
"1994","glcc"
"1995","glcd"
"1996","glce"
"1997","glcf"
"1998","glcg"
"1999","glck"
"2000","glcr"
"2001","glda"
"2002","gldc"
"2003","glde"
"2004","gldl"
"2005","gldm"
"2006","glf"
"2007","glga"
"2008","glga_2"
"2009","glgb"
"2010","glgb_2"
"2011","glgb-2"
"2012","glgb1"
"2013","glgc"
"2014","glgc_2"
"2015","glgd"
"2016","glge"
"2017","glgp"
"2018","glgs"
"2019","glgx"
"2020","glgx-2"
"2021","glk"
"2022","glk_1"
"2023","glk_2"
"2024","glmm"
"2025","glms"
"2026","glmu"
"2027","glna"
"2028","glnb"
"2029","glnd"
"2030","glne"
"2031","glng"
"2032","glnh"
"2033","glnh_2"
"2034","glnk"
"2035","glnk_1"
"2036","glnl"
"2037","glnp"
"2038","glnp_2"
"2039","glnq"
"2040","glnq_2"
"2041","glns"
"2042","glnt"
"2043","gloa"
"2044","glob"
"2045","glpa"
"2046","glpb"
"2047","glpc"
"2048","glpd"
"2049","glpe"
"2050","glpf"
"2051","glpg"
"2052","glpk"
"2053","glpk_2"
"2054","glpk_3"
"2055","glpk-2"
"2056","glpo"
"2057","glpq"
"2058","glpq_1"
"2059","glpq_2"
"2060","glpr_1"
"2061","glpr_7"
"2062","glpt"
"2063","glpt_2"
"2064","glpx"
"2065","glrk"
"2066","glrr"
"2067","glsa"
"2068","glsb"
"2069","glta"
"2070","glta-2"
"2071","gltb"
"2072","gltd"
"2073","gltd_1"
"2074","gltj"
"2075","gltk"
"2076","gltl"
"2077","gltp"
"2078","gltr"
"2079","gltr_1"
"2080","glts"
"2081","gltx"
"2082","glxa"
"2083","glxb"
"2084","glxc"
"2085","glxd"
"2086","glxk"
"2087","glxk_1"
"2088","glxk_2"
"2089","glxr"
"2090","glya"
"2091","glya_3"
"2092","glya1"
"2093","glya2"
"2094","glyq"
"2095","glys"
"2096","gmd"
"2097","gmha"
"2098","gmhb"
"2099","gmk"
"2100","gmm"
"2101","gmub_3"
"2102","gmuc_3"
"2103","gmur"
"2104","gnd"
"2105","gnda"
"2106","gnpa"
"2107","gnsa"
"2108","gntk"
"2109","gntp"
"2110","gntr"
"2111","gntr_2"
"2112","gntr_3"
"2113","gntt"
"2114","gntu"
"2115","gntx"
"2116","gor"
"2117","gora"
"2118","goxb"
"2119","gph"
"2120","gpma"
"2121","gpmb"
"2122","gpmi"
"2123","gpmm"
"2124","gppa"
"2125","gpr"
"2126","gps"
"2127","gpsa"
"2128","gpsb"
"2129","gpt"
"2130","gpw"
"2131","grca"
"2132","grdb"
"2133","grea"
"2134","grea_2"
"2135","greb"
"2136","groel"
"2137","groel-2"
"2138","groes"
"2139","groes-2"
"2140","grol"
"2141","grpe"
"2142","grpe_1"
"2143","grpe_2"
"2144","grrm"
"2145","grxa"
"2146","grxb"
"2147","grxc"
"2148","grxd"
"2149","gsha"
"2150","gshab"
"2151","gshb"
"2152","gsia"
"2153","gsia_1"
"2154","gsia_15"
"2155","gsia_16"
"2156","gsia_18"
"2157","gsia_19"
"2158","gsia_2"
"2159","gsib"
"2160","gsib_1"
"2161","gsib_3"
"2162","gsib_4"
"2163","gsic"
"2164","gsic_4"
"2165","gsic_5"
"2166","gsid"
"2167","gsid_3"
"2168","gsid_4"
"2169","gsk"
"2170","gspc"
"2171","gspd"
"2172","gspe"
"2173","gspf"
"2174","gspg"
"2175","gsph"
"2176","gspi"
"2177","gspj"
"2178","gspk"
"2179","gspl"
"2180","gspn"
"2181","gsps"
"2182","gss"
"2183","gst"
"2184","gst15"
"2185","gsta"
"2186","gstb_3"
"2187","gtda"
"2188","gtfa"
"2189","gtfb"
"2190","gtrs"
"2191","guaa"
"2192","guab"
"2193","guac"
"2194","guad"
"2195","guad_1"
"2196","gudd"
"2197","gudp"
"2198","gudp_1"
"2199","gudx"
"2200","gutb"
"2201","gutm"
"2202","gutq"
"2203","gvpa"
"2204","gvpc"
"2205","gvpn"
"2206","gyra"
"2207","gyra_1"
"2208","gyra_2"
"2209","gyrb"
"2210","hada"
"2211","hadb"
"2212","hadc"
"2213","haeiiim"
"2214","hag"
"2215","hasc"
"2216","hbp"
"2217","hbpa"
"2218","hcab"
"2219","hcad2"
"2220","hcar"
"2221","hcar_5"
"2222","hcat_1"
"2223","hcat_2"
"2224","hcha"
"2225","hcp"
"2226","hcp1"
"2227","hcpa"
"2228","hcpc_4"
"2229","hcr"
"2230","hcrb"
"2231","hda"
"2232","hdah"
"2233","hdc"
"2234","hdea"
"2235","hdeb"
"2236","hdfr"
"2237","hdha"
"2238","held"
"2239","hema"
"2240","hemb"
"2241","hemc"
"2242","hemd"
"2243","hemdx"
"2244","heme"
"2245","hemf"
"2246","hemg"
"2247","hemh"
"2248","hemh_1"
"2249","hemh_2"
"2250","hemj"
"2251","heml"
"2252","hemn"
"2253","hemn-1"
"2254","hemn-2"
"2255","hemp"
"2256","hems"
"2257","hemw"
"2258","hemx"
"2259","hemy"
"2260","hemz"
"2261","hexr"
"2262","hflb"
"2263","hflc"
"2264","hfld"
"2265","hflk"
"2266","hflx"
"2267","hfq"
"2268","hha"
"2269","hhob"
"2270","higa"
"2271","higa_1"
"2272","higa_2"
"2273","higa_3"
"2274","higa-2_1"
"2275","higb"
"2276","higb_1"
"2277","higb_2"
"2278","higb-1"
"2279","higb-2"
"2280","higb2"
"2281","hila"
"2282","hin"
"2283","hin_1"
"2284","hin_2"
"2285","hin_4"
"2286","hint"
"2287","hipa"
"2288","hipa_1"
"2289","hipa_2"
"2290","hipb"
"2291","hisa"
"2292","hisb"
"2293","hisc"
"2294","hisc2"
"2295","hisd"
"2296","hise"
"2297","hisf"
"2298","hisg"
"2299","hish"
"2300","hisi"
"2301","hisj"
"2302","hisj_1"
"2303","hisj_2"
"2304","hisl"
"2305","hism"
"2306","hisn"
"2307","hisp"
"2308","hisq"
"2309","hiss"
"2310","hiss_1"
"2311","hiss_2"
"2312","hiuh"
"2313","hlde"
"2314","hly"
"2315","hlya"
"2316","hlyb"
"2317","hlyc"
"2318","hlyd"
"2319","hlye"
"2320","hmga"
"2321","hmp"
"2322","hmp_1"
"2323","hmp_2"
"2324","hmpa"
"2325","hmsf"
"2326","hmsh"
"2327","hmsr"
"2328","hmss"
"2329","hmus"
"2330","hmut"
"2331","hmuu"
"2332","hmuv"
"2333","hmuv_1"
"2334","hnr"
"2335","hns"
"2336","hofc"
"2337","hofq"
"2338","hoka"
"2339","hokb"
"2340","hokc"
"2341","hokd"
"2342","hoke"
"2343","hola"
"2344","holb"
"2345","holc"
"2346","hold"
"2347","hole"
"2348","hopd"
"2349","hopd2"
"2350","hoxe"
"2351","hoxf"
"2352","hoxh"
"2353","hoxn"
"2354","hoxu"
"2355","hoxy"
"2356","hpaa"
"2357","hpab"
"2358","hpac"
"2359","hpad"
"2360","hpae"
"2361","hpah"
"2362","hpai"
"2363","hpap"
"2364","hpar"
"2365","hpax"
"2366","hpba"
"2367","hpbd"
"2368","hpf"
"2369","hpnc"
"2370","hpnd"
"2371","hpne"
"2372","hpnh"
"2373","hpni"
"2374","hpnj"
"2375","hpnk"
"2376","hppd"
"2377","hprk"
"2378","hpsn"
"2379","hpt"
"2380","hpxo"
"2381","hpxo_1"
"2382","hpxo_2"
"2383","hrca"
"2384","hrcc"
"2385","hrcj"
"2386","hrcn"
"2387","hrcr"
"2388","hrcs"
"2389","hrct"
"2390","hrcu"
"2391","hrp1_1"
"2392","hrp1_2"
"2393","hrp1_3"
"2394","hrpa"
"2395","hrpb"
"2396","hrpb2"
"2397","hsaa"
"2398","hsaa_2"
"2399","hsca"
"2400","hscb"
"2401","hsdm"
"2402","hsdm_2"
"2403","hsdm_3"
"2404","hsdm-1"
"2405","hsdm-2"
"2406","hsdr"
"2407","hsdr_2"
"2408","hsdr-2"
"2409","hsds"
"2410","hsds_4"
"2411","hsds-2"
"2412","hslj"
"2413","hslo"
"2414","hslr"
"2415","hslu"
"2416","hslv"
"2417","hsp18"
"2418","hsp20"
"2419","hspa"
"2420","hspa_1"
"2421","hspa_2"
"2422","hspq"
"2423","hspx"
"2424","hsra_4"
"2425","htdz"
"2426","htpg"
"2427","htpg_1"
"2428","htpg_2"
"2429","htpx"
"2430","htpx_2"
"2431","htra"
"2432","htre"
"2433","htre_2"
"2434","hup"
"2435","hupa"
"2436","hupb"
"2437","hupc"
"2438","hupd"
"2439","hupe"
"2440","hupf"
"2441","hupg"
"2442","huph"
"2443","hupi"
"2444","hupj"
"2445","hupk"
"2446","hutc"
"2447","hutd"
"2448","hutf"
"2449","hutg"
"2450","hutg_1"
"2451","hutg_2"
"2452","huth"
"2453","huti"
"2454","hutp"
"2455","hutu"
"2456","hutw"
"2457","hutx"
"2458","hutz"
"2459","hvrb"
"2460","hxla"
"2461","hxlb"
"2462","hxlb_1"
"2463","hxlb_2"
"2464","hxpb"
"2465","hxsb"
"2466","hxsc"
"2467","hxsd"
"2468","hyaa"
"2469","hyab"
"2470","hyac"
"2471","hyad"
"2472","hyae"
"2473","hyaf"
"2474","hyba"
"2475","hybb"
"2476","hybc"
"2477","hybd"
"2478","hybe"
"2479","hybg"
"2480","hybo"
"2481","hyca"
"2482","hycb"
"2483","hycc"
"2484","hyce"
"2485","hycf"
"2486","hycg"
"2487","hyci"
"2488","hyda"
"2489","hydg"
"2490","hydn"
"2491","hyfa"
"2492","hyfb"
"2493","hyfb_1"
"2494","hyfb_2"
"2495","hyfe"
"2496","hyi"
"2497","hypa"
"2498","hypb"
"2499","hypc"
"2500","hypd"
"2501","hype"
"2502","hypf"
"2503","hypt"
"2504","iaaa"
"2505","iaah"
"2506","iaam"
"2507","iada"
"2508","iagb"
"2509","iap"
"2510","ibag"
"2511","ibpa"
"2512","ibpb"
"2513","icab"
"2514","icab_2"
"2515","icc"
"2516","icd"
"2517","icia"
"2518","iclr"
"2519","icmh"
"2520","icmj"
"2521","icmp"
"2522","icmq"
"2523","icmt"
"2524","icmw"
"2525","icsa"
"2526","icsa_1"
"2527","idha"
"2528","idi"
"2529","idnk"
"2530","idno"
"2531","idnt"
"2532","iga"
"2533","igaa"
"2534","iha"
"2535","ihfa"
"2536","ihfb"
"2537","iles"
"2538","ilva"
"2539","ilvb"
"2540","ilvb_2"
"2541","ilvc"
"2542","ilvd"
"2543","ilve"
"2544","ilvg"
"2545","ilvi"
"2546","ilvi_1"
"2547","ilvl"
"2548","ilvm"
"2549","ilvn"
"2550","ilvx"
"2551","ilvy"
"2552","imm"
"2553","impa"
"2554","impb"
"2555","impc"
"2556","imua"
"2557","incc"
"2558","infa"
"2559","infb"
"2560","infc"
"2561","inic"
"2562","inla"
"2563","inlb"
"2564","inle"
"2565","inlg"
"2566","inli"
"2567","insa"
"2568","insa1"
"2569","insa2"
"2570","insb"
"2571","insb2"
"2572","insb4"
"2573","insd"
"2574","insf"
"2575","insg"
"2576","insh"
"2577","insh5"
"2578","insh6"
"2579","insi"
"2580","insj"
"2581","insk"
"2582","insq"
"2583","int"
"2584","int_1"
"2585","int_2"
"2586","int1"
"2587","int2"
"2588","int3"
"2589","inta_2"
"2590","intf"
"2591","inti1"
"2592","intr"
"2593","inva"
"2594","invc"
"2595","inve"
"2596","invf"
"2597","invg"
"2598","iola"
"2599","iolb"
"2600","iolc"
"2601","iolc_2"
"2602","iold"
"2603","iole"
"2604","iolg"
"2605","iolg1"
"2606","iolg2"
"2607","iolh"
"2608","iolr"
"2609","iolt1"
"2610","iolt2"
"2611","iora"
"2612","ipac"
"2613","ipd"
"2614","ipdc"
"2615","ipgc"
"2616","ipgd"
"2617","ipra"
"2618","irad"
"2619","iram"
"2620","irap"
"2621","irea"
"2622","irlr"
"2623","irob"
"2624","iroc"
"2625","irod"
"2626","iroe"
"2627","iron"
"2628","irp1"
"2629","irp2"
"2630","irtb"
"2631","is4"
"2632","isca"
"2633","iscr"
"2634","iscr1"
"2635","iscr2"
"2636","iscs"
"2637","iscs_1"
"2638","iscs_2"
"2639","iscs-2"
"2640","iscu"
"2641","iscx"
"2642","isda"
"2643","isdc"
"2644","isde"
"2645","isdg"
"2646","isoa"
"2647","ispa"
"2648","ispb"
"2649","ispc"
"2650","ispd"
"2651","ispe"
"2652","ispf"
"2653","ispg"
"2654","isph"
"2655","ispu"
"2656","iss"
"2657","ista"
"2658","istb"
"2659","iuca"
"2660","iucb"
"2661","iucc"
"2662","iucd"
"2663","iuta"
"2664","ivbl"
"2665","ivd"
"2666","ivy"
"2667","kaic"
"2668","kama"
"2669","kata"
"2670","katb"
"2671","kate"
"2672","katg"
"2673","kbay"
"2674","kbaz"
"2675","kbl"
"2676","kch"
"2677","kdga"
"2678","kdgd"
"2679","kdgk"
"2680","kdgr"
"2681","kdgt"
"2682","kdpa"
"2683","kdpb"
"2684","kdpb_1"
"2685","kdpb_2"
"2686","kdpc"
"2687","kdpd"
"2688","kdpd_1"
"2689","kdpd_2"
"2690","kdpd_3"
"2691","kdpe"
"2692","kdpf"
"2693","kdsa"
"2694","kdsb"
"2695","kdsc"
"2696","kdsd"
"2697","kdud"
"2698","kdud_1"
"2699","kdud_2"
"2700","kdud_3"
"2701","kdui"
"2702","kdui_1"
"2703","kdui_2"
"2704","kefa_2"
"2705","kefa_3"
"2706","kefb"
"2707","kefc"
"2708","kefc_2"
"2709","kefc_3"
"2710","keff"
"2711","kefg"
"2712","kfoc"
"2713","kgtp"
"2714","kgtp_1"
"2715","kgtp_2"
"2716","kika"
"2717","kil"
"2718","kila"
"2719","kilb"
"2720","kipi"
"2721","klca"
"2722","klca_1"
"2723","klca_2"
"2724","klua"
"2725","klub"
"2726","kora"
"2727","korb"
"2728","korc"
"2729","korg"
"2730","kpta"
"2731","ksga"
"2732","kstr"
"2733","kstr2"
"2734","kstr2_2"
"2735","ktra"
"2736","ktrb_2"
"2737","kup"
"2738","kup_2"
"2739","kup2"
"2740","kyna"
"2741","kynb"
"2742","kynu"
"2743","laaa"
"2744","laca"
"2745","lacb"
"2746","lacc"
"2747","lacd"
"2748","lacg"
"2749","laci"
"2750","laci_2"
"2751","laci_3"
"2752","lacy"
"2753","lacy_1"
"2754","lacz"
"2755","lacz_2"
"2756","lafa"
"2757","lafu"
"2758","lagd"
"2759","lamb"
"2760","lamb_3"
"2761","lamb_4"
"2762","lana"
"2763","lanm"
"2764","lapb"
"2765","lara"
"2766","larb"
"2767","larc"
"2768","lare"
"2769","lcfa"
"2770","lcrd"
"2771","lcrh"
"2772","lcrv"
"2773","ldca"
"2774","ldcc"
"2775","ldh"
"2776","ldh1_2"
"2777","ldha"
"2778","ldhd"
"2779","ldta"
"2780","ldtb"
"2781","ldtc"
"2782","ldtd"
"2783","leca"
"2784","lecb"
"2785","lech"
"2786","lepa"
"2787","lepa_1"
"2788","lepb"
"2789","leta"
"2790","leua"
"2791","leua_1"
"2792","leua_2"
"2793","leub"
"2794","leub-2"
"2795","leuc"
"2796","leuc_2"
"2797","leud"
"2798","leud_2"
"2799","leue"
"2800","leul"
"2801","leuo"
"2802","leuo_1"
"2803","leuo_2"
"2804","leus"
"2805","leus_1"
"2806","lexa"
"2807","lexa_1"
"2808","lexa_2"
"2809","lftr"
"2810","lgod"
"2811","lgor"
"2812","lgot"
"2813","lgrd"
"2814","lgrd_1"
"2815","lgrd_2"
"2816","lgrd_3"
"2817","lgrd_4"
"2818","lgre_2"
"2819","lgt"
"2820","lgt_2"
"2821","lhgo"
"2822","liar_1"
"2823","liar_2"
"2824","lieb"
"2825","liga"
"2826","liga_2"
"2827","ligb"
"2828","ligd"
"2829","ligk"
"2830","linb"
"2831","linc"
"2832","line"
"2833","lip1"
"2834","lipa"
"2835","lipb"
"2836","livf"
"2837","livf_7"
"2838","livf-2"
"2839","livf-3"
"2840","livg"
"2841","livg-2"
"2842","livg-3"
"2843","livh"
"2844","livh_7"
"2845","livh-2"
"2846","livh-3"
"2847","livj"
"2848","livk"
"2849","livm"
"2850","livm-2"
"2851","livm-3"
"2852","lldd"
"2853","lldd-2"
"2854","lldp"
"2855","lldr"
"2856","lnt"
"2857","lnt_3"
"2858","lnta"
"2859","loda"
"2860","lodb"
"2861","lola"
"2862","lolb"
"2863","lolc"
"2864","lold"
"2865","lold_2"
"2866","lold_3"
"2867","lold-2"
"2868","lole"
"2869","lole_3"
"2870","lon"
"2871","lon_1"
"2872","lon_2"
"2873","lonb"
"2874","loxa"
"2875","lpa"
"2876","lpca"
"2877","lpda"
"2878","lpdv"
"2879","lpla"
"2880","lpla1"
"2881","lpla2"
"2882","lplt"
"2883","lplt_1"
"2884","lplt_2"
"2885","lpob"
"2886","lpp"
"2887","lpps"
"2888","lpqb"
"2889","lpsi"
"2890","lpsj"
"2891","lpta"
"2892","lptb"
"2893","lptb_4"
"2894","lptc"
"2895","lptd"
"2896","lpte"
"2897","lptf"
"2898","lptg"
"2899","lpxa"
"2900","lpxb"
"2901","lpxc"
"2902","lpxd"
"2903","lpxh"
"2904","lpxi"
"2905","lpxk"
"2906","lpxl"
"2907","lpxm"
"2908","lpxo"
"2909","lpxp"
"2910","lrgb"
"2911","lrha"
"2912","lrp"
"2913","lrp_1"
"2914","lrp_2"
"2915","lrp_3"
"2916","lspa"
"2917","lspa_2"
"2918","lspd"
"2919","lspg"
"2920","lspj"
"2921","lsra"
"2922","lsrb"
"2923","lsrc"
"2924","lsrd"
"2925","lsrf"
"2926","lsrg"
"2927","lsrk"
"2928","lsrr"
"2929","lsrr_2"
"2930","ltae"
"2931","ltas"
"2932","ltra"
"2933","ltra_1"
"2934","ltra_10"
"2935","ltra_2"
"2936","ltra_3"
"2937","ltra_4"
"2938","ltra_5"
"2939","ltra_6"
"2940","ltra_7"
"2941","ltra_8"
"2942","ltra_9"
"2943","lutc"
"2944","lutr"
"2945","lutr_4"
"2946","luxa"
"2947","luxb"
"2948","luxq_1"
"2949","luxq_2"
"2950","luxs"
"2951","lys"
"2952","lysa"
"2953","lysa_2"
"2954","lysc"
"2955","lysm"
"2956","lysp"
"2957","lysp_2"
"2958","lysr"
"2959","lyss"
"2960","lyss_2"
"2961","lyss_3"
"2962","lysu"
"2963","lysx"
"2964","lytm_2"
"2965","lyx"
"2966","maa"
"2967","maca"
"2968","maca_1"
"2969","maca_2"
"2970","macb"
"2971","macc"
"2972","madb"
"2973","madl"
"2974","madm"
"2975","maea"
"2976","maeb"
"2977","maf"
"2978","maia"
"2979","mak"
"2980","male"
"2981","malf"
"2982","malg"
"2983","mali"
"2984","malk"
"2985","malm"
"2986","malp"
"2987","malq"
"2988","malt"
"2989","malx"
"2990","malz"
"2991","mamc"
"2992","mana"
"2993","manb"
"2994","manc"
"2995","mand"
"2996","manp"
"2997","manr"
"2998","manx"
"2999","many"
"3000","manz"
"3001","map"
"3002","mara"
"3003","marb"
"3004","marr"
"3005","mas"
"3006","mas1"
"3007","mas2"
"3008","mat"
"3009","matc_3"
"3010","matp"
"3011","maua"
"3012","maub"
"3013","maud"
"3014","mauf"
"3015","maug"
"3016","mauj"
"3017","maur"
"3018","maze"
"3019","mazf"
"3020","mazf9"
"3021","mazg"
"3022","mbea"
"3023","mbnb"
"3024","mbnc"
"3025","mbth"
"3026","mca"
"3027","mcba"
"3028","mcbr"
"3029","mce"
"3030","mch"
"3031","mco"
"3032","mcp4"
"3033","mcpq"
"3034","mcps"
"3035","mcrb"
"3036","mcrc"
"3037","mctp"
"3038","mctr"
"3039","mdab"
"3040","mdca"
"3041","mdcb"
"3042","mdcc"
"3043","mdce"
"3044","mdcg"
"3045","mdch"
"3046","mdeb"
"3047","mdfa"
"3048","mdh"
"3049","mdlb_1"
"3050","mdlb_2"
"3051","mdlb_3"
"3052","mdlc"
"3053","mdo"
"3054","mdoc"
"3055","mdod"
"3056","mdog"
"3057","mdoh"
"3058","mdsa"
"3059","mdsc"
"3060","mdta"
"3061","mdtb"
"3062","mdtc"
"3063","mdtc_1"
"3064","mdtc_2"
"3065","mdtc_3"
"3066","mdtd"
"3067","mdte"
"3068","mdtg"
"3069","mdth"
"3070","mdti"
"3071","mdtj"
"3072","mdtk"
"3073","mdtl"
"3074","mdtm"
"3075","mdtn"
"3076","mdto"
"3077","mdtp"
"3078","mdtp_1"
"3079","mdtp_2"
"3080","mdtq"
"3081","meab"
"3082","meca"
"3083","mecb"
"3084","meci"
"3085","mecr1"
"3086","mefa"
"3087","megl"
"3088","mela"
"3089","melb"
"3090","melr"
"3091","mena"
"3092","menb"
"3093","menc"
"3094","mend"
"3095","mene"
"3096","mene_1"
"3097","menf"
"3098","meng"
"3099","menh"
"3100","meni"
"3101","mepa"
"3102","mepa_2"
"3103","meph"
"3104","mepm"
"3105","mepm_2"
"3106","mepm_3"
"3107","meps"
"3108","mer"
"3109","mera"
"3110","mera_1"
"3111","mera_2"
"3112","merb"
"3113","merc"
"3114","merd"
"3115","mere"
"3116","merf"
"3117","merh"
"3118","merp"
"3119","merp_1"
"3120","merp_2"
"3121","merr"
"3122","merr_1"
"3123","merr_2"
"3124","merr1"
"3125","merr2"
"3126","mert"
"3127","mese"
"3128","met"
"3129","meta"
"3130","metb"
"3131","metc"
"3132","metc_4"
"3133","metc-2"
"3134","mete"
"3135","metf"
"3136","metg"
"3137","metg_2"
"3138","meth"
"3139","meti"
"3140","metj"
"3141","metk"
"3142","metl"
"3143","metn"
"3144","metn_4"
"3145","metq"
"3146","metr"
"3147","metw"
"3148","metx"
"3149","metz"
"3150","mexa"
"3151","mexb"
"3152","mexb_2"
"3153","mexc"
"3154","mexe"
"3155","mexf"
"3156","mexr"
"3157","mfd"
"3158","mfta"
"3159","mftb"
"3160","mftc"
"3161","mfte"
"3162","mftf"
"3163","mftr"
"3164","mgla"
"3165","mgla_1"
"3166","mgla_2"
"3167","mglb"
"3168","mglc"
"3169","mgra"
"3170","mgrb"
"3171","mgsa"
"3172","mgta"
"3173","mgte"
"3174","mhpa"
"3175","mhpb"
"3176","mhpc"
"3177","mhpd"
"3178","mhpe"
"3179","mhpf"
"3180","mhpr"
"3181","mhpt"
"3182","mhud"
"3183","miaa"
"3184","miab"
"3185","miae"
"3186","mihf"
"3187","minc"
"3188","mind"
"3189","mind_2"
"3190","mine"
"3191","mioc"
"3192","mioc_1"
"3193","mipb"
"3194","mlaa"
"3195","mlab"
"3196","mlac"
"3197","mlad"
"3198","mlae"
"3199","mlaf"
"3200","mlc_3"
"3201","mlic"
"3202","mlp8"
"3203","mlp9"
"3204","mlra"
"3205","mlta"
"3206","mltb"
"3207","mltb_1"
"3208","mltb_2"
"3209","mltb_3"
"3210","mltc"
"3211","mltd"
"3212","mltf"
"3213","mltf_1"
"3214","mltg"
"3215","mmgc"
"3216","mmgd"
"3217","mmsa"
"3218","mmsa_2"
"3219","mmsa-1"
"3220","mmsb"
"3221","mmum"
"3222","mmup"
"3223","mnga"
"3224","mngb"
"3225","mngr"
"3226","mnhg"
"3227","mnma"
"3228","mnma_2"
"3229","mnmc"
"3230","mnme"
"3231","mnmg"
"3232","mnmh"
"3233","mnta"
"3234","mntb_1"
"3235","mntb_2"
"3236","mntb_3"
"3237","mnth"
"3238","mnth1"
"3239","mntp"
"3240","mntr"
"3241","mnts"
"3242","moaa"
"3243","moab"
"3244","moac"
"3245","moad"
"3246","moae"
"3247","moaf"
"3248","mob"
"3249","moba"
"3250","moba_3"
"3251","moba_4"
"3252","mobb"
"3253","mobc"
"3254","mobd"
"3255","moca"
"3256","mod"
"3257","moda"
"3258","modb"
"3259","modb_1"
"3260","modb_2"
"3261","modc"
"3262","modd"
"3263","mode"
"3264","modf"
"3265","moea"
"3266","moeb"
"3267","moeb_1"
"3268","moeb_2"
"3269","moez"
"3270","mog"
"3271","mogr"
"3272","mokc"
"3273","mota"
"3274","motb"
"3275","motb_2"
"3276","moxg"
"3277","moxj"
"3278","mpaa"
"3279","mpha"
"3280","mphb"
"3281","mphc"
"3282","mphe"
"3283","mphl"
"3284","mphm"
"3285","mphn"
"3286","mphr"
"3287","mpl"
"3288","mppa"
"3289","mpr"
"3290","mpra"
"3291","mprf"
"3292","mptb"
"3293","mqnc"
"3294","mqne"
"3295","mqo"
"3296","mqo_2"
"3297","mqsa"
"3298","mqsr"
"3299","mraw"
"3300","mraw_2"
"3301","mray"
"3302","mraz"
"3303","mrca"
"3304","mrca_1"
"3305","mrca_2"
"3306","mrcb"
"3307","mrda"
"3308","mrdb"
"3309","mrea"
"3310","mreb"
"3311","mrec"
"3312","mred"
"3313","mrka"
"3314","mrkb"
"3315","mrkc"
"3316","mrkd"
"3317","mrke"
"3318","mrp"
"3319","mrpa_1"
"3320","mrpa_2"
"3321","msa"
"3322","msba"
"3323","msbb"
"3324","msbb2"
"3325","msck"
"3326","mscl"
"3327","mscm"
"3328","mscs"
"3329","msga"
"3330","msha"
"3331","msha_1"
"3332","msha_2"
"3333","mshb"
"3334","mshc"
"3335","mshd"
"3336","mshl"
"3337","msra"
"3338","msra_2"
"3339","msra1"
"3340","msrb"
"3341","msrb1"
"3342","msrc"
"3343","msrc_1"
"3344","msrp"
"3345","msrq"
"3346","msud"
"3347","msue"
"3348","msyb"
"3349","mta"
"3350","mta_1"
"3351","mta_2"
"3352","mtab"
"3353","mtdb"
"3354","mtfa"
"3355","mtga"
"3356","mtla"
"3357","mtla_2"
"3358","mtld"
"3359","mtlk"
"3360","mtlr"
"3361","mtna"
"3362","mtna_1"
"3363","mtna_2"
"3364","mtnb"
"3365","mtnc"
"3366","mtnd"
"3367","mtnk"
"3368","mtnn"
"3369","mtnp"
"3370","mtr"
"3371","mtra"
"3372","muca"
"3373","mucb"
"3374","mucr"
"3375","mug"
"3376","mukb"
"3377","muke"
"3378","mukf"
"3379","mupp"
"3380","mura"
"3381","mura-2"
"3382","murb"
"3383","murb-2"
"3384","murc"
"3385","murd"
"3386","mure"
"3387","murf"
"3388","murg"
"3389","muri"
"3390","murj"
"3391","murq"
"3392","murq_2"
"3393","murr"
"3394","mute"
"3395","muth"
"3396","mutl"
"3397","mutm"
"3398","muts"
"3399","mutt"
"3400","muty"
"3401","mvpa"
"3402","mvpt"
"3403","mycp"
"3404","mzra"
"3405","nac"
"3406","nada"
"3407","nadb"
"3408","nadb_2"
"3409","nadc"
"3410","nadd"
"3411","nade"
"3412","nadk"
"3413","nadr"
"3414","nadx"
"3415","naga"
"3416","naga_2"
"3417","naga_3"
"3418","naga-2"
"3419","nagb"
"3420","nagb_1"
"3421","nagb_2"
"3422","nagc"
"3423","nagd"
"3424","nage"
"3425","nagk"
"3426","nagk_3"
"3427","nagz"
"3428","nahc"
"3429","nahr"
"3430","naip_1"
"3431","naip_2"
"3432","nama"
"3433","nana"
"3434","nanc"
"3435","nane"
"3436","nane_2"
"3437","nank"
"3438","nanm"
"3439","nanr"
"3440","nans"
"3441","nant"
"3442","nap"
"3443","napa"
"3444","napb"
"3445","napc"
"3446","napd"
"3447","nape"
"3448","napf"
"3449","napg"
"3450","naph"
"3451","narg"
"3452","narh"
"3453","nari"
"3454","narj"
"3455","nark"
"3456","nark1"
"3457","narl"
"3458","narp"
"3459","narq"
"3460","naru"
"3461","narw"
"3462","narx"
"3463","narz"
"3464","nasa"
"3465","nbac"
"3466","nbtc"
"3467","nbts"
"3468","ndh"
"3469","ndha"
"3470","ndhc"
"3471","ndk"
"3472","ndoa"
"3473","nei"
"3474","nema"
"3475","nema_2"
"3476","nema_3"
"3477","nemr"
"3478","nemr_2"
"3479","neo"
"3480","nepi"
"3481","nepi_3"
"3482","nepi_4"
"3483","neub"
"3484","neuc"
"3485","nfda"
"3486","nfed"
"3487","nfi"
"3488","nfnb"
"3489","nfo"
"3490","nfrb"
"3491","nfrc"
"3492","nfsa"
"3493","nfsb"
"3494","nfua"
"3495","nhaa"
"3496","nhab"
"3497","nhac"
"3498","nhad"
"3499","nhar"
"3500","nhoa"
"3501","nica"
"3502","nicb"
"3503","nick"
"3504","nicr"
"3505","nifa"
"3506","nifb"
"3507","nifd"
"3508","nife"
"3509","nifh"
"3510","nifj"
"3511","nifk"
"3512","nifl"
"3513","nifm"
"3514","nifn"
"3515","nifq"
"3516","nifs"
"3517","nifs_1"
"3518","nifs_2"
"3519","nifs-2"
"3520","nift"
"3521","nifu"
"3522","nifv"
"3523","nifw"
"3524","nifx"
"3525","nifz"
"3526","nika"
"3527","nika_1"
"3528","nika_2"
"3529","nikb"
"3530","nikb_2"
"3531","nikb_3"
"3532","nikc"
"3533","nikd"
"3534","nike"
"3535","nikr"
"3536","nira"
"3537","nirb"
"3538","nirc"
"3539","nird"
"3540","nird-2"
"3541","nirj"
"3542","nirk"
"3543","nirq"
"3544","nirs"
"3545","nlhh_1"
"3546","nlhh_2"
"3547","nlpa"
"3548","nlpd"
"3549","nlpd_1"
"3550","nlpe"
"3551","nlpi"
"3552","nnr"
"3553","noc"
"3554","noc_2"
"3555","nocm"
"3556","nocq"
"3557","noct"
"3558","noda"
"3559","nodb"
"3560","nodc"
"3561","nodd1"
"3562","nodd2"
"3563","nodd2_2"
"3564","nodd2_4"
"3565","nodd3"
"3566","node"
"3567","nodf"
"3568","nodh"
"3569","nodi"
"3570","nodj"
"3571","nodl"
"3572","nodm"
"3573","nodn"
"3574","nodo"
"3575","nodq"
"3576","nods"
"3577","nodu"
"3578","nodx"
"3579","nodz"
"3580","noei"
"3581","nolb"
"3582","nolf"
"3583","nolg"
"3584","nolo"
"3585","nolt"
"3586","nolu"
"3587","nolv"
"3588","nolw"
"3589","nopp"
"3590","nopx"
"3591","nora"
"3592","norb"
"3593","norc"
"3594","nord"
"3595","nore"
"3596","norg"
"3597","norm"
"3598","norq"
"3599","norr"
"3600","norv"
"3601","norw"
"3602","nosd"
"3603","nosf"
"3604","nosl"
"3605","nosy"
"3606","nosz"
"3607","novr_2"
"3608","npdg"
"3609","nphr_1"
"3610","npr"
"3611","nqo9"
"3612","nqrc"
"3613","nqre"
"3614","nqrf"
"3615","nrda"
"3616","nrdb"
"3617","nrdd"
"3618","nrde"
"3619","nrde_1"
"3620","nrdf"
"3621","nrdg"
"3622","nrdh"
"3623","nrdi"
"3624","nrdj"
"3625","nrdr"
"3626","nreb"
"3627","nrec"
"3628","nrfa"
"3629","nrfb"
"3630","nrfc"
"3631","nrfd"
"3632","nrfe"
"3633","nrff"
"3634","nrfg"
"3635","nrfh"
"3636","nrta"
"3637","nrtb"
"3638","nrtcd"
"3639","nsas"
"3640","nspc"
"3641","nsrr"
"3642","ntdc"
"3643","nth"
"3644","ntha"
"3645","nthb"
"3646","ntnh"
"3647","ntpb"
"3648","ntrb"
"3649","ntrc"
"3650","nuc"
"3651","nuc1"
"3652","nucb"
"3653","nuch"
"3654","nucs"
"3655","nudb"
"3656","nudc"
"3657","nude"
"3658","nudf"
"3659","nudi"
"3660","nudj"
"3661","nudk"
"3662","nudk_1"
"3663","nudk_2"
"3664","nuoa"
"3665","nuoa-2"
"3666","nuob"
"3667","nuob-2"
"3668","nuoc"
"3669","nuod"
"3670","nuoe"
"3671","nuoe-2"
"3672","nuof"
"3673","nuof-2"
"3674","nuog"
"3675","nuog-2"
"3676","nuoh"
"3677","nuoh-2"
"3678","nuoi"
"3679","nuoi-2"
"3680","nuoj"
"3681","nuoj-2"
"3682","nuok"
"3683","nuok-2"
"3684","nuol"
"3685","nuom"
"3686","nuom-2"
"3687","nuon"
"3688","nuon-2"
"3689","nupc"
"3690","nupc_1"
"3691","nupc_2"
"3692","nupc_3"
"3693","nusa"
"3694","nusb"
"3695","nusg"
"3696","nusg_2"
"3697","nylb"
"3698","oada"
"3699","oata"
"3700","obge"
"3701","ocd"
"3702","ocd2"
"3703","odha"
"3704","odhb"
"3705","ogrk"
"3706","ogt"
"3707","ohr"
"3708","ohrr"
"3709","ompa"
"3710","ompa_1"
"3711","ompa_2"
"3712","ompc"
"3713","ompd"
"3714","ompf"
"3715","ompl"
"3716","ompp"
"3717","ompr"
"3718","ompr-1"
"3719","ompr-2"
"3720","omps2"
"3721","ompt1"
"3722","ompw"
"3723","ompx"
"3724","oms28"
"3725","opca"
"3726","opgb"
"3727","opgc"
"3728","opha1_1"
"3729","opha1_2"
"3730","oppa"
"3731","oppa_3"
"3732","oppb"
"3733","oppc"
"3734","oppd"
"3735","oppf"
"3736","oprb"
"3737","oprd"
"3738","oprm"
"3739","oprm_2"
"3740","oprm_3"
"3741","oprn"
"3742","opubc"
"3743","oqxa"
"3744","oqxb"
"3745","orf1"
"3746","orf10"
"3747","orf14"
"3748","orf2"
"3749","orf3"
"3750","orf4"
"3751","orf5"
"3752","orf6"
"3753","orf7"
"3754","orf8"
"3755","orf9"
"3756","orfa"
"3757","orfb"
"3758","orfc"
"3759","orfe"
"3760","orff"
"3761","orfg"
"3762","orfn"
"3763","orga"
"3764","orgb"
"3765","orn"
"3766","orur_2"
"3767","osmb"
"3768","osme"
"3769","osmv"
"3770","osmw"
"3771","osmx"
"3772","osmy"
"3773","osmy_1"
"3774","ospa"
"3775","ospb"
"3776","ospc"
"3777","ospg"
"3778","otsa"
"3779","otsa-1"
"3780","otsb"
"3781","oxa"
"3782","oxc"
"3783","oxlt"
"3784","oxyr"
"3785","oxyr_1"
"3786","oxyr_3"
"3787","p1"
"3788","p11"
"3789","p14"
"3790","p17"
"3791","p2"
"3792","p24"
"3793","p29"
"3794","p37"
"3795","p4"
"3796","p40"
"3797","p41"
"3798","p42"
"3799","p43"
"3800","p44"
"3801","p45"
"3802","p46"
"3803","p47"
"3804","p49"
"3805","p50"
"3806","p51"
"3807","p7"
"3808","paaa"
"3809","paab"
"3810","paac"
"3811","paad"
"3812","paae"
"3813","paaf"
"3814","paag"
"3815","paah"
"3816","paai"
"3817","paaj"
"3818","paak"
"3819","paan"
"3820","paax"
"3821","paay"
"3822","paaz"
"3823","paba"
"3824","pabb"
"3825","pabc"
"3826","paca"
"3827","pacb"
"3828","pacl"
"3829","paer7im"
"3830","pagc"
"3831","pagl"
"3832","pagn"
"3833","pagp"
"3834","pagp_2"
"3835","pagr"
"3836","pal"
"3837","pamo_1"
"3838","pamo_2"
"3839","panb"
"3840","panc"
"3841","pand"
"3842","pane"
"3843","panf"
"3844","panm"
"3845","panp"
"3846","paoa"
"3847","paob"
"3848","paoc"
"3849","paod"
"3850","pap"
"3851","papa5"
"3852","papc"
"3853","papd"
"3854","papx"
"3855","para"
"3856","para_1"
"3857","para_2"
"3858","para_3"
"3859","para-2"
"3860","para-3"
"3861","para1"
"3862","para2"
"3863","parb"
"3864","parb_1"
"3865","parb_3"
"3866","parb.1"
"3867","parb.2"
"3868","parb1"
"3869","parb2"
"3870","parc"
"3871","pard"
"3872","pare"
"3873","parg"
"3874","parr"
"3875","pat"
"3876","patb"
"3877","patb_1"
"3878","patb_2"
"3879","patd"
"3880","pbp4"
"3881","pbpa_2"
"3882","pbpc"
"3883","pbpg"
"3884","pcab"
"3885","pcac"
"3886","pcad"
"3887","pcaf"
"3888","pcag"
"3889","pcah"
"3890","pcai"
"3891","pcaj"
"3892","pcak_2"
"3893","pcak_3"
"3894","pcaq"
"3895","pcar"
"3896","pcau"
"3897","pcfa"
"3898","pcfe"
"3899","pcka"
"3900","pcl"
"3901","pcm"
"3902","pcnb"
"3903","pcoa"
"3904","pcob"
"3905","pcoc"
"3906","pcod"
"3907","pcoe"
"3908","pcor"
"3909","pcos"
"3910","pcp"
"3911","pcp_2"
"3912","pcpb"
"3913","pcra"
"3914","pcra_2"
"3915","pcta"
"3916","pcta_1"
"3917","pctc"
"3918","pdaa"
"3919","pdab"
"3920","pdea"
"3921","pder"
"3922","pdha"
"3923","pdhc"
"3924","pdhr"
"3925","pdhr_3"
"3926","pdp"
"3927","pdua"
"3928","pdub"
"3929","pduc"
"3930","pdud"
"3931","pdue"
"3932","pduf"
"3933","pdug"
"3934","pduh"
"3935","pduj"
"3936","pduk"
"3937","pdul"
"3938","pdum"
"3939","pdun"
"3940","pduo"
"3941","pdup"
"3942","pduq"
"3943","pdus"
"3944","pdut"
"3945","pduu"
"3946","pduv"
"3947","pduw"
"3948","pdux"
"3949","pdxa"
"3950","pdxa2"
"3951","pdxb"
"3952","pdxh"
"3953","pdxh_2"
"3954","pdxj"
"3955","pdxk"
"3956","pdxs"
"3957","pdxt"
"3958","pdxy"
"3959","peaa"
"3960","peab"
"3961","pead"
"3962","pecm"
"3963","pedf"
"3964","pefd"
"3965","pela"
"3966","pelf"
"3967","pelg"
"3968","pemi"
"3969","pemk"
"3970","pep"
"3971","pepa"
"3972","pepa_3"
"3973","pepb"
"3974","pepc_2"
"3975","pepd"
"3976","pepe"
"3977","pepf"
"3978","pepn"
"3979","pepo"
"3980","pepp"
"3981","pepq"
"3982","pept"
"3983","pepv"
"3984","perr"
"3985","peta"
"3986","pfka"
"3987","pfka_2"
"3988","pfkb"
"3989","pfla"
"3990","pflb"
"3991","pflc"
"3992","pfld"
"3993","pfpi"
"3994","pgaa"
"3995","pgab"
"3996","pgac"
"3997","pgad"
"3998","pgi"
"3999","pgi_2"
"4000","pgk"
"4001","pgk_2"
"4002","pgl"
"4003","pgla"
"4004","pglc"
"4005","pglz"
"4006","pgm"
"4007","pgmb"
"4008","pgpa"
"4009","pgpb"
"4010","pgsa"
"4011","pgsb"
"4012","pgsc"
"4013","pgta"
"4014","pgtb"
"4015","pgtc"
"4016","pgte"
"4017","pgtp"
"4018","phac"
"4019","phap"
"4020","phap2"
"4021","phar"
"4022","phaz"
"4023","phbb"
"4024","phbc"
"4025","phd"
"4026","phea"
"4027","phea_1"
"4028","phea_2"
"4029","phec"
"4030","phep"
"4031","phes"
"4032","phet"
"4033","phha"
"4034","phna"
"4035","phnc"
"4036","phnd"
"4037","phne"
"4038","phnf"
"4039","phng"
"4040","phnh"
"4041","phni"
"4042","phnj"
"4043","phnk"
"4044","phnl"
"4045","phnm"
"4046","phnn"
"4047","phno"
"4048","phnp"
"4049","phnr"
"4050","phns"
"4051","phnt"
"4052","phnu"
"4053","phnv"
"4054","phnw"
"4055","phnx"
"4056","phoa"
"4057","phob"
"4058","phoe"
"4059","phoh"
"4060","phop"
"4061","phoq"
"4062","phor"
"4063","phor_3"
"4064","phou"
"4065","phou_2"
"4066","phr"
"4067","phrb"
"4068","phsa"
"4069","phsb"
"4070","phyc"
"4071","pic"
"4072","pifc"
"4073","pila"
"4074","pili"
"4075","pilj"
"4076","pilk"
"4077","pill"
"4078","pilm"
"4079","piln"
"4080","pilo"
"4081","pilp"
"4082","pilq"
"4083","pilr"
"4084","pils"
"4085","pilt"
"4086","pilt_1"
"4087","pilu"
"4088","pilv"
"4089","pilv_1"
"4090","pilv_2"
"4091","pilw"
"4092","pimc"
"4093","pin"
"4094","pine"
"4095","pinq"
"4096","pinr"
"4097","pinr_1"
"4098","pinr_2"
"4099","pip"
"4100","pipb"
"4101","pipb2"
"4102","pit"
"4103","pita"
"4104","pita_2"
"4105","pitb"
"4106","pknb"
"4107","pknk"
"4108","pksg"
"4109","pla"
"4110","plap"
"4111","plca"
"4112","plcb"
"4113","pld"
"4114","pld_3"
"4115","plda"
"4116","pldb"
"4117","pled"
"4118","plig"
"4119","plsb"
"4120","plsc"
"4121","plsx"
"4122","plsy"
"4123","plsy_2"
"4124","plta"
"4125","pltb"
"4126","pmba"
"4127","pmfa"
"4128","pmga"
"4129","pmra"
"4130","pmrb"
"4131","pmrd"
"4132","pmrr"
"4133","pnca"
"4134","pncb"
"4135","pncb2"
"4136","pncc"
"4137","pnp"
"4138","pnta"
"4139","pntb"
"4140","pntb_2"
"4141","pnuc"
"4142","poba"
"4143","pocr"
"4144","pola"
"4145","pola_2"
"4146","polb"
"4147","polc"
"4148","polc_2"
"4149","polc_3"
"4150","polx"
"4151","polyb"
"4152","por_2"
"4153","pora"
"4154","pota"
"4155","pota_4"
"4156","pota_5"
"4157","potb"
"4158","potc"
"4159","potd"
"4160","pote"
"4161","potf"
"4162","potf_2"
"4163","potg"
"4164","poth"
"4165","poth_1"
"4166","poth_2"
"4167","poti"
"4168","poxb"
"4169","ppa"
"4170","ppc"
"4171","ppca"
"4172","ppcb"
"4173","ppcd"
"4174","ppcg"
"4175","ppdd"
"4176","ppdk"
"4177","ppha"
"4178","ppha_2"
"4179","pphb"
"4180","ppia"
"4181","ppib"
"4182","ppic"
"4183","ppid"
"4184","ppk_1"
"4185","ppk_2"
"4186","ppk1"
"4187","ppk2"
"4188","ppnk"
"4189","ppnn"
"4190","ppnp"
"4191","pppa"
"4192","ppra"
"4193","ppsa"
"4194","ppsa_2"
"4195","ppsr"
"4196","ppta"
"4197","ppx"
"4198","pqia"
"4199","pqib"
"4200","pqic"
"4201","pqqa"
"4202","pqqb"
"4203","pqqc"
"4204","pqqd"
"4205","pqqe"
"4206","pqqf"
"4207","pqql"
"4208","prc"
"4209","prda"
"4210","prdb"
"4211","prdc"
"4212","prdd"
"4213","prea"
"4214","prfa"
"4215","prfa2"
"4216","prfb"
"4217","prfc"
"4218","prfh"
"4219","prgh"
"4220","prgi"
"4221","prgj"
"4222","prgk"
"4223","prgt"
"4224","pri"
"4225","pria"
"4226","prib"
"4227","pric"
"4228","prka"
"4229","prkc"
"4230","prlc"
"4231","prlf"
"4232","prma"
"4233","prmb"
"4234","prmc"
"4235","pro"
"4236","proa"
"4237","proa_2"
"4238","prob"
"4239","proc"
"4240","prop"
"4241","prop_1"
"4242","prop_3"
"4243","prop_4"
"4244","prop_5"
"4245","proq"
"4246","proq_1"
"4247","proq_2"
"4248","pros"
"4249","prov"
"4250","prow"
"4251","prox"
"4252","prox_1"
"4253","proy"
"4254","proy_2"
"4255","prpb"
"4256","prpb_2"
"4257","prpc"
"4258","prpd"
"4259","prpe"
"4260","prpf"
"4261","prpr"
"4262","prs"
"4263","prsa"
"4264","prsa_2"
"4265","prse"
"4266","prsk"
"4267","prsr"
"4268","prst"
"4269","prt"
"4270","prtd"
"4271","prtp"
"4272","prts"
"4273","prua"
"4274","psak"
"4275","psba"
"4276","psbu"
"4277","psd"
"4278","pseb"
"4279","psec"
"4280","psef"
"4281","pseg"
"4282","pseh"
"4283","psei"
"4284","psia"
"4285","psib"
"4286","psie"
"4287","psif"
"4288","pspa"
"4289","pspb"
"4290","pspc"
"4291","pspd"
"4292","pspe"
"4293","pspf"
"4294","pspg"
"4295","pssa"
"4296","pst"
"4297","psta"
"4298","pstb"
"4299","pstc"
"4300","pstc_2"
"4301","psts"
"4302","psug"
"4303","pta"
"4304","ptca"
"4305","pth"
"4306","ptle"
"4307","ptlh"
"4308","ptlh_1"
"4309","ptpa"
"4310","ptra"
"4311","ptra_1"
"4312","ptrb"
"4313","ptsa"
"4314","ptsg"
"4315","ptsg_4"
"4316","ptsg_5"
"4317","ptsh"
"4318","ptsi"
"4319","ptsi_1"
"4320","ptsi_2"
"4321","ptsj"
"4322","ptsn"
"4323","ptsp"
"4324","ptxd"
"4325","puca"
"4326","pucb"
"4327","pucc"
"4328","pucd"
"4329","puce"
"4330","pucg"
"4331","pucl"
"4332","pucr"
"4333","pufl"
"4334","pufm"
"4335","pufx"
"4336","puha"
"4337","pula"
"4338","pulg"
"4339","pulq"
"4340","pura"
"4341","purb"
"4342","purc"
"4343","purd"
"4344","pure"
"4345","purf"
"4346","purh"
"4347","purk"
"4348","purl"
"4349","purm"
"4350","purn"
"4351","purp"
"4352","purq"
"4353","purr"
"4354","purs"
"4355","purt"
"4356","puru"
"4357","puru-2"
"4358","puta"
"4359","putp"
"4360","putp_2"
"4361","putr"
"4362","puua"
"4363","puub_1"
"4364","puub_2"
"4365","puub_3"
"4366","puuc_2"
"4367","puuc_3"
"4368","puuc_4"
"4369","puud"
"4370","puue"
"4371","puue_1"
"4372","puue_2"
"4373","puup_1"
"4374","puur"
"4375","puur_2"
"4376","puur_3"
"4377","pvuiim"
"4378","pyc"
"4379","pyk"
"4380","pykf"
"4381","pyp"
"4382","pyrb"
"4383","pyrc"
"4384","pyrd"
"4385","pyrd_1"
"4386","pyrd_2"
"4387","pyre"
"4388","pyrf"
"4389","pyrg"
"4390","pyrh"
"4391","pyrh_2"
"4392","pyri"
"4393","pyrl"
"4394","pyrr"
"4395","pyth"
"4396","qac"
"4397","qaca"
"4398","qacc"
"4399","qace"
"4400","qacedelta1"
"4401","qacf"
"4402","qacg"
"4403","qach"
"4404","qacr"
"4405","qhpc"
"4406","qmca"
"4407","qnra"
"4408","qnrb1"
"4409","qora"
"4410","qora_2"
"4411","qorb"
"4412","qoxa"
"4413","qoxb"
"4414","qoxc"
"4415","qoxd"
"4416","qseb"
"4417","qsec"
"4418","qsec_3"
"4419","qsee"
"4420","qsef_1"
"4421","qseg"
"4422","quea"
"4423","quec"
"4424","qued"
"4425","quee"
"4426","quef"
"4427","queg"
"4428","race"
"4429","rada"
"4430","radc"
"4431","raia"
"4432","rama"
"4433","rama_2"
"4434","rama_3"
"4435","rama_4"
"4436","ramb"
"4437","rapa"
"4438","rapa_1"
"4439","rapa_2"
"4440","rapa2"
"4441","rapz"
"4442","rara"
"4443","rara_1"
"4444","rara_2"
"4445","rard"
"4446","rata"
"4447","ratb"
"4448","rava"
"4449","rayt"
"4450","rbba"
"4451","rbfa"
"4452","rbn"
"4453","rbn_1"
"4454","rbn_2"
"4455","rbsa"
"4456","rbsa_1"
"4457","rbsa_2"
"4458","rbsa1"
"4459","rbsb"
"4460","rbsb_1"
"4461","rbsb_4"
"4462","rbsb_5"
"4463","rbsb-1"
"4464","rbsb-2"
"4465","rbsc"
"4466","rbsc_1"
"4467","rbsc_10"
"4468","rbsc_11"
"4469","rbsc_2"
"4470","rbsc_4"
"4471","rbsc-1"
"4472","rbsc-2"
"4473","rbsd"
"4474","rbsk"
"4475","rbsk_2"
"4476","rbsk_3"
"4477","rbsr"
"4478","rbsr_1"
"4479","rbsr_3"
"4480","rbta"
"4481","rbtd"
"4482","rci"
"4483","rcla"
"4484","rclb"
"4485","rclc"
"4486","rclr"
"4487","rcna"
"4488","rcnb"
"4489","rcnb_1"
"4490","rcnb_2"
"4491","rcnr"
"4492","rcsa"
"4493","rcsb"
"4494","rcsb_1"
"4495","rcsb_2"
"4496","rcsc"
"4497","rcsd"
"4498","rcsf"
"4499","rdgb"
"4500","rdgc"
"4501","rdgc_2"
"4502","reca"
"4503","recb"
"4504","recc"
"4505","recc_1"
"4506","recc_2"
"4507","recd"
"4508","recd2"
"4509","recf"
"4510","recg"
"4511","recj"
"4512","recn"
"4513","reco"
"4514","recq"
"4515","recr"
"4516","rect"
"4517","recu"
"4518","recx"
"4519","rela"
"4520","relb"
"4521","rele"
"4522","rele1"
"4523","rele2"
"4524","rep"
"4525","repa"
"4526","repa_1"
"4527","repa_2"
"4528","repa_3"
"4529","repa_4"
"4530","repa_5"
"4531","repa-2"
"4532","repa1"
"4533","repa2"
"4534","repa3"
"4535","repa4"
"4536","repb"
"4537","repb_1"
"4538","repb_2"
"4539","repb-2"
"4540","repb2"
"4541","repc"
"4542","repc-1"
"4543","repe"
"4544","repfib"
"4545","repx"
"4546","res"
"4547","res_1"
"4548","res_2"
"4549","resa"
"4550","resd"
"4551","resp"
"4552","rest"
"4553","rexb"
"4554","rfac"
"4555","rfad"
"4556","rfae1"
"4557","rfae2"
"4558","rfaf"
"4559","rfah"
"4560","rfah_1"
"4561","rfah_2"
"4562","rfaj"
"4563","rfal"
"4564","rfap"
"4565","rfaq"
"4566","rfay"
"4567","rfba"
"4568","rfbb"
"4569","rfbc"
"4570","rfbd"
"4571","rfbf"
"4572","rfbg"
"4573","rfbh"
"4574","rfbu"
"4575","rfbx"
"4576","rffa"
"4577","rffc"
"4578","rffg"
"4579","rffm"
"4580","rgy"
"4581","rhaa"
"4582","rhab"
"4583","rhad"
"4584","rhai"
"4585","rham"
"4586","rhar"
"4587","rhas"
"4588","rhat"
"4589","rhba"
"4590","rhbb"
"4591","rhbc"
"4592","rhbd"
"4593","rhbf"
"4594","rhlb"
"4595","rhle"
"4596","rhle_1"
"4597","rhle_2"
"4598","rhmd"
"4599","rhmt_4"
"4600","rho"
"4601","rhsd"
"4602","rhta"
"4603","rhtb"
"4604","rhtb_1"
"4605","rhtb_3"
"4606","rhtc"
"4607","riba"
"4608","ribb"
"4609","ribb_2"
"4610","ribd"
"4611","ribe"
"4612","ribf"
"4613","ribh"
"4614","ric"
"4615","rida"
"4616","riff"
"4617","rifn"
"4618","riha"
"4619","rihc"
"4620","rimi"
"4621","rimj"
"4622","rimk"
"4623","rimk_2"
"4624","riml"
"4625","rimm"
"4626","rimo"
"4627","rimp"
"4628","ripa"
"4629","ripa_1"
"4630","ripa_2"
"4631","ripa_6"
"4632","ripb"
"4633","rira"
"4634","rkpk"
"4635","rlga"
"4636","rlma"
"4637","rlmaii"
"4638","rlmb"
"4639","rlmb_1"
"4640","rlmc"
"4641","rlmd"
"4642","rlme"
"4643","rlmf"
"4644","rlmg"
"4645","rlmh"
"4646","rlmi"
"4647","rlmj"
"4648","rlml"
"4649","rlmm"
"4650","rlmn"
"4651","rlpa"
"4652","rlua"
"4653","rlub"
"4654","rluc"
"4655","rlud"
"4656","rlue"
"4657","rluf"
"4658","rlx"
"4659","rmf"
"4660","rmla"
"4661","rmlc"
"4662","rmpa"
"4663","rmuc"
"4664","rna"
"4665","rnb"
"4666","rnc"
"4667","rnd"
"4668","rne"
"4669","rng"
"4670","rnha"
"4671","rnha_2"
"4672","rnhb"
"4673","rnk"
"4674","rnmv"
"4675","rnpa"
"4676","rnr"
"4677","rns"
"4678","rnt"
"4679","rny"
"4680","rnz"
"4681","rob_3"
"4682","rocd"
"4683","rocf"
"4684","roda"
"4685","rodz"
"4686","rof"
"4687","rom"
"4688","rop"
"4689","rox"
"4690","roxa"
"4691","rp471"
"4692","rpe"
"4693","rpe_2"
"4694","rph"
"4695","rpia"
"4696","rpib"
"4697","rpib_2"
"4698","rpir"
"4699","rpla"
"4700","rplb"
"4701","rplc"
"4702","rpld"
"4703","rple"
"4704","rplf"
"4705","rpli"
"4706","rplj"
"4707","rplk"
"4708","rpll"
"4709","rplm"
"4710","rpln"
"4711","rplo"
"4712","rplp"
"4713","rplq"
"4714","rplr"
"4715","rpls"
"4716","rplt"
"4717","rplu"
"4718","rplv"
"4719","rplw"
"4720","rplx"
"4721","rply"
"4722","rpma"
"4723","rpmb"
"4724","rpmb_2"
"4725","rpmc"
"4726","rpmd"
"4727","rpme"
"4728","rpme2"
"4729","rpmf"
"4730","rpmg"
"4731","rpmh"
"4732","rpmi"
"4733","rpmj"
"4734","rpoa"
"4735","rpob"
"4736","rpoc"
"4737","rpoc2"
"4738","rpod"
"4739","rpod_2"
"4740","rpoe"
"4741","rpoe-3"
"4742","rpoh"
"4743","rpon"
"4744","rpon_2"
"4745","rpos"
"4746","rpoz"
"4747","rpph"
"4748","rpsa"
"4749","rpsb"
"4750","rpsc"
"4751","rpsd"
"4752","rpse"
"4753","rpsf"
"4754","rpsg"
"4755","rpsh"
"4756","rpsi"
"4757","rpsj"
"4758","rpsk"
"4759","rpsl"
"4760","rpsm"
"4761","rpsn"
"4762","rpso"
"4763","rpsp"
"4764","rpsq"
"4765","rpsr"
"4766","rpss"
"4767","rpst"
"4768","rpsu"
"4769","rraa"
"4770","rrab"
"4771","rrf"
"4772","rrrd"
"4773","rsbp_1"
"4774","rsbq"
"4775","rsbu_1"
"4776","rsbu_2"
"4777","rsbv"
"4778","rsbw"
"4779","rsd"
"4780","rsea"
"4781","rseb"
"4782","rsec"
"4783","rsep"
"4784","rsfs"
"4785","rsga"
"4786","rsma"
"4787","rsmb"
"4788","rsmc"
"4789","rsmd"
"4790","rsme"
"4791","rsmf"
"4792","rsmg"
"4793","rsmh"
"4794","rsmi"
"4795","rsmj"
"4796","rsp"
"4797","rspa"
"4798","rsra"
"4799","rsrim"
"4800","rssa"
"4801","rssb"
"4802","rsta"
"4803","rstb"
"4804","rsua"
"4805","rsvb"
"4806","rsxa"
"4807","rsxb"
"4808","rsxc"
"4809","rsxd"
"4810","rsxe"
"4811","rsxg"
"4812","rtca"
"4813","rtcr"
"4814","rtxa"
"4815","rtxb"
"4816","rtxc"
"4817","rulb"
"4818","ruma"
"4819","rumb"
"4820","rusa"
"4821","ruta"
"4822","rutb"
"4823","rutb_2"
"4824","rutc"
"4825","rutd"
"4826","rute"
"4827","rutf"
"4828","rutg"
"4829","rutr"
"4830","rutr_2"
"4831","rutr_3"
"4832","ruva"
"4833","ruvb"
"4834","ruvc"
"4835","ruvx"
"4836","rzod"
"4837","saca_1"
"4838","saca_2"
"4839","sacx"
"4840","sad"
"4841","safa"
"4842","safb"
"4843","safc"
"4844","sala"
"4845","sama"
"4846","samb"
"4847","sana"
"4848","sapa"
"4849","sapb"
"4850","sapc"
"4851","sapd"
"4852","sapf"
"4853","sasa"
"4854","sat"
"4855","sat2"
"4856","sata"
"4857","satp"
"4858","sbcb"
"4859","sbcc"
"4860","sbcd"
"4861","sbma"
"4862","sbmc"
"4863","sbna"
"4864","sbnb"
"4865","sbng"
"4866","scfa"
"4867","scfb"
"4868","scnc"
"4869","scpa"
"4870","scpb"
"4871","scrb"
"4872","scrr"
"4873","scsc"
"4874","scsd"
"4875","sctb"
"4876","sctc"
"4877","sctd"
"4878","scte"
"4879","sctf"
"4880","scti"
"4881","sctj"
"4882","sctl"
"4883","sctn"
"4884","sctp"
"4885","sctq"
"4886","sctr"
"4887","scts"
"4888","sctt"
"4889","sctu"
"4890","sctv"
"4891","sctw"
"4892","scua"
"4893","sda"
"4894","sdaa"
"4895","sdaaa"
"4896","sdaab"
"4897","sdab"
"4898","sdab_1"
"4899","sdac"
"4900","sdcs_3"
"4901","sdea"
"4902","sdeb"
"4903","sdha"
"4904","sdhb"
"4905","sdhc"
"4906","sdhd"
"4907","sdhe"
"4908","sdia"
"4909","sdpa"
"4910","seca"
"4911","seca2"
"4912","secb"
"4913","secd"
"4914","secdf"
"4915","sece"
"4916","secf"
"4917","secg"
"4918","secm"
"4919","secy"
"4920","secy2"
"4921","sela"
"4922","selb"
"4923","seld"
"4924","selu"
"4925","sepa"
"4926","sepf"
"4927","seqa"
"4928","ser"
"4929","sera"
"4930","sera-2"
"4931","serb"
"4932","serc"
"4933","sers"
"4934","sers_1"
"4935","ses"
"4936","set"
"4937","seta"
"4938","setb"
"4939","sfmf"
"4940","sfng"
"4941","sfsa"
"4942","sfsb"
"4943","sgcb"
"4944","sgcq"
"4945","sglt"
"4946","sgrr"
"4947","sgrr_1"
"4948","sgrt"
"4949","shc"
"4950","shia"
"4951","shif"
"4952","shlb"
"4953","shlb_1"
"4954","siac"
"4955","sica"
"4956","sigb"
"4957","sigc"
"4958","sige"
"4959","sigf"
"4960","sigg"
"4961","sigh"
"4962","sigi"
"4963","sigj"
"4964","sigk"
"4965","sigl"
"4966","sigm"
"4967","sigw"
"4968","sigx"
"4969","sigz"
"4970","siia"
"4971","siiba"
"4972","siic"
"4973","siid"
"4974","siie"
"4975","sila"
"4976","silb"
"4977","silc"
"4978","sile"
"4979","sile_1"
"4980","silp"
"4981","silp_1"
"4982","silp_2"
"4983","silr"
"4984","sils"
"4985","sin"
"4986","sini"
"4987","sipa"
"4988","sipb"
"4989","sipc"
"4990","sipd"
"4991","sipx"
"4992","sipy"
"4993","sipz"
"4994","sir"
"4995","sirb1"
"4996","sirb2"
"4997","sirc"
"4998","sita"
"4999","sitb"
"5000","sitc"
"5001","sitd"
"5002","sixa"
"5003","skfa"
"5004","skfb"
"5005","skff"
"5006","skp"
"5007","slma"
"5008","slrp"
"5009","slt"
"5010","slty"
"5011","slya"
"5012","slyb"
"5013","slyd"
"5014","smc"
"5015","smfa_2"
"5016","smg"
"5017","smpa"
"5018","smpb"
"5019","smr"
"5020","smra"
"5021","smrb"
"5022","smta"
"5023","smva"
"5024","snpa"
"5025","soda"
"5026","sodb"
"5027","sodbiii"
"5028","sodc"
"5029","sohb"
"5030","soj"
"5031","soj_1"
"5032","soj_2"
"5033","sola"
"5034","soli"
"5035","solr"
"5036","sopa"
"5037","sopb"
"5038","sorc"
"5039","soxa"
"5040","soxa_2"
"5041","soxb"
"5042","soxc"
"5043","soxd_2"
"5044","soxg"
"5045","soxg_2"
"5046","soxr"
"5047","soxs"
"5048","soxs_1"
"5049","soxx"
"5050","soxy"
"5051","soxz"
"5052","spak"
"5053","spal"
"5054","spam"
"5055","span"
"5056","spao"
"5057","spap"
"5058","spaq"
"5059","spar"
"5060","spas"
"5061","spea"
"5062","speb"
"5063","spec"
"5064","sped"
"5065","spee"
"5066","spee1"
"5067","spef"
"5068","speg"
"5069","sph"
"5070","spia"
"5071","splb"
"5072","spo0a"
"5073","spo0c"
"5074","spo0c_1"
"5075","spo0c_2"
"5076","spo0f"
"5077","spo0m"
"5078","spoiid"
"5079","spoiie"
"5080","spoiiga"
"5081","spoiiid"
"5082","spoiip"
"5083","spoiir"
"5084","spot"
"5085","spovac"
"5086","spovad"
"5087","spovae"
"5088","spovb"
"5089","spove"
"5090","spovg"
"5091","spovm"
"5092","spovt"
"5093","sppa"
"5094","sppa_2"
"5095","spra"
"5096","sprb"
"5097","spvb"
"5098","spvc"
"5099","spx"
"5100","spxa"
"5101","spxb"
"5102","spy"
"5103","sqr"
"5104","sra"
"5105","srfaa"
"5106","srfab"
"5107","srfj"
"5108","srla"
"5109","srlb"
"5110","srld"
"5111","srle"
"5112","srlr"
"5113","srmb"
"5114","srpa"
"5115","srpb"
"5116","srpc"
"5117","srpr"
"5118","srps"
"5119","srtb"
"5120","ssad"
"5121","ssae"
"5122","ssag"
"5123","ssai"
"5124","ssaj"
"5125","ssak"
"5126","ssal"
"5127","ssam"
"5128","ssan"
"5129","ssao"
"5130","ssap"
"5131","ssaq"
"5132","ssar"
"5133","ssas"
"5134","ssat"
"5135","ssau"
"5136","ssav"
"5137","ssb"
"5138","ssb_1"
"5139","ssb_2"
"5140","ssb_3"
"5141","ssb_4"
"5142","ssb-1"
"5143","ssb1"
"5144","ssbb"
"5145","ssca"
"5146","sscb"
"5147","ssea"
"5148","sseb"
"5149","ssec"
"5150","ssed"
"5151","ssee"
"5152","ssej"
"5153","ssle"
"5154","ssna"
"5155","sspa"
"5156","sspa_2"
"5157","sspb"
"5158","sspc"
"5159","sspg"
"5160","sspi"
"5161","sstt"
"5162","ssua"
"5163","ssua_2"
"5164","ssub"
"5165","ssub_2"
"5166","ssub1"
"5167","ssuc"
"5168","ssuc_3"
"5169","ssud"
"5170","ssud_2"
"5171","ssue"
"5172","stae"
"5173","stb"
"5174","stba"
"5175","stbb"
"5176","stbb_1"
"5177","stbb_2"
"5178","stbc"
"5179","stbd"
"5180","stbe"
"5181","stc3"
"5182","stc4"
"5183","stcd"
"5184","stce"
"5185","stdb"
"5186","stet"
"5187","stfq"
"5188","stfr"
"5189","stha"
"5190","stip"
"5191","stp"
"5192","stp_1"
"5193","stp_2"
"5194","stp_4"
"5195","stpa"
"5196","str"
"5197","stra"
"5198","strb"
"5199","stth_1"
"5200","stth_2"
"5201","suab"
"5202","subb"
"5203","suca"
"5204","sucb"
"5205","sucb_1"
"5206","sucb_2"
"5207","succ"
"5208","succ_1"
"5209","succ_2"
"5210","sucd"
"5211","sucd_1"
"5212","sufa"
"5213","sufb"
"5214","sufc"
"5215","sufd"
"5216","sufe"
"5217","sufs"
"5218","sugb"
"5219","sugc"
"5220","suge"
"5221","suhb"
"5222","suhb_1"
"5223","suhb_2"
"5224","suhb-2"
"5225","sul"
"5226","sul1"
"5227","sul2"
"5228","sula"
"5229","suli"
"5230","sulii"
"5231","sulp"
"5232","suna"
"5233","suns"
"5234","sunt"
"5235","suph"
"5236","sura"
"5237","sure"
"5238","sure_1"
"5239","sure_2"
"5240","sxy"
"5241","syce"
"5242","sycn"
"5243","syd"
"5244","syme"
"5245","taba"
"5246","tada"
"5247","tag"
"5248","taga"
"5249","tagd"
"5250","tage"
"5251","tagf"
"5252","tagh"
"5253","tagk"
"5254","tago"
"5255","tal"
"5256","tala"
"5257","tam"
"5258","tama"
"5259","tamb"
"5260","tap"
"5261","tap_1"
"5262","tap_2"
"5263","tapt"
"5264","taqim"
"5265","tar"
"5266","tas"
"5267","tata"
"5268","tata_2"
"5269","tatb"
"5270","tatc"
"5271","tatd"
"5272","tate"
"5273","taua"
"5274","taub"
"5275","tauc"
"5276","taud"
"5277","taxc"
"5278","tcda"
"5279","tcdb"
"5280","tcfa"
"5281","tcmp"
"5282","tcra"
"5283","tcry"
"5284","tcsh"
"5285","tcsl"
"5286","tctd"
"5287","tcua"
"5288","tcub"
"5289","tcuc"
"5290","tcyj"
"5291","tcyl"
"5292","tcyp"
"5293","tdc"
"5294","tdca"
"5295","tdcb"
"5296","tdcc"
"5297","tdcd"
"5298","tdce"
"5299","tdcf"
"5300","tdcg"
"5301","tdcr"
"5302","tdh"
"5303","tdk"
"5304","tdk_2"
"5305","teha"
"5306","tehb"
"5307","tena"
"5308","tera"
"5309","terb"
"5310","terc"
"5311","terd"
"5312","tere"
"5313","terf"
"5314","terl"
"5315","terw"
"5316","terx"
"5317","terz"
"5318","tesa"
"5319","tesb"
"5320","tesb_1"
"5321","tesb_2"
"5322","tet"
"5323","teta"
"5324","teta_3"
"5325","tetb"
"5326","tetc"
"5327","tetd"
"5328","teth"
"5329","tetl"
"5330","tetm"
"5331","teto"
"5332","tetr"
"5333","tetr_1"
"5334","tetr_2"
"5335","tetw"
"5336","tetx"
"5337","tfae"
"5338","tfda"
"5339","tfdb"
"5340","tfdd"
"5341","tfdr"
"5342","tgmb"
"5343","tgt"
"5344","thib"
"5345","thic"
"5346","thid"
"5347","thie"
"5348","thif"
"5349","thig"
"5350","thih"
"5351","thii"
"5352","thik"
"5353","thil"
"5354","thim"
"5355","thio"
"5356","thip"
"5357","thiq"
"5358","this"
"5359","thit"
"5360","thiw"
"5361","thla_1"
"5362","thla_2"
"5363","thpd"
"5364","thpr"
"5365","thra"
"5366","thrb"
"5367","thrc"
"5368","thrh"
"5369","thrl"
"5370","thrs"
"5371","thrs_2"
"5372","thya"
"5373","thya_2"
"5374","thya2"
"5375","thyx"
"5376","tiba"
"5377","tig"
"5378","tils"
"5379","tir"
"5380","tisb"
"5381","tklg"
"5382","tkt"
"5383","tkta"
"5384","tktb_1"
"5385","tktb_2"
"5386","tktb_3"
"5387","tldd"
"5388","tlp"
"5389","tlpa"
"5390","tmca"
"5391","tmk"
"5392","tmpt"
"5393","tmrb"
"5394","tnaa"
"5395","tnab"
"5396","tnac"
"5397","tndx"
"5398","tnia"
"5399","tnib"
"5400","tnim"
"5401","tniq"
"5402","tnir"
"5403","tnp"
"5404","tnp_2"
"5405","tnp_3"
"5406","tnp_4"
"5407","tnp2"
"5408","tnp3"
"5409","tnp4"
"5410","tnp5"
"5411","tnpa"
"5412","tnpa_6"
"5413","tnpa_7"
"5414","tnpa1"
"5415","tnpa2"
"5416","tnpa3"
"5417","tnpa4"
"5418","tnpa5"
"5419","tnpb"
"5420","tnpc"
"5421","tnpi"
"5422","tnpm"
"5423","tnpr"
"5424","tnpr_1"
"5425","tnpr_2"
"5426","tnpr_3"
"5427","tnsb"
"5428","tnsb_2"
"5429","tola"
"5430","tola_2"
"5431","tolb"
"5432","tolc"
"5433","tolq"
"5434","tolq_1"
"5435","tolq_2"
"5436","tolr"
"5437","tomb"
"5438","tonb"
"5439","topa"
"5440","topa_2"
"5441","topb"
"5442","topb_1"
"5443","topb_2"
"5444","topb_3"
"5445","topb_4"
"5446","tora"
"5447","torc"
"5448","tord"
"5449","torr"
"5450","tors"
"5451","tort"
"5452","tory"
"5453","toxb"
"5454","tpia"
"5455","tpia-2"
"5456","tpia-3"
"5457","tpm"
"5458","tpx"
"5459","traa"
"5460","trab"
"5461","trac"
"5462","trac_1"
"5463","trac_2"
"5464","trac1"
"5465","trac2"
"5466","trac3"
"5467","trad"
"5468","trad_1"
"5469","trae"
"5470","traf"
"5471","traf_1"
"5472","traf_2"
"5473","trag"
"5474","trag_1"
"5475","trag_2"
"5476","trah"
"5477","trah_1"
"5478","trah_2"
"5479","trai"
"5480","trai_1"
"5481","trai_2"
"5482","traj"
"5483","traj_1"
"5484","traj_2"
"5485","trak"
"5486","trak_1"
"5487","trak_2"
"5488","tral"
"5489","tral_1"
"5490","tral_2"
"5491","tram"
"5492","tram_1"
"5493","tram_2"
"5494","tran"
"5495","tran_1"
"5496","tran_2"
"5497","trao"
"5498","trap"
"5499","traq"
"5500","trar"
"5501","tras"
"5502","trat"
"5503","trau"
"5504","trav"
"5505","traw"
"5506","trax"
"5507","tray"
"5508","trba"
"5509","trbb"
"5510","trbb_1"
"5511","trbb_2"
"5512","trbb1"
"5513","trbc"
"5514","trbc_1"
"5515","trbc_2"
"5516","trbc_3"
"5517","trbd"
"5518","trbd_1"
"5519","trbe"
"5520","trbe_1"
"5521","trbf"
"5522","trbf_1"
"5523","trbf_2"
"5524","trbg"
"5525","trbg_1"
"5526","trbh"
"5527","trbi"
"5528","trbi_1"
"5529","trbj"
"5530","trbj_1"
"5531","trbk"
"5532","trbl"
"5533","trbm"
"5534","trbn"
"5535","trbp"
"5536","trbw"
"5537","trea"
"5538","treb"
"5539","trec"
"5540","tref"
"5541","trep"
"5542","trer"
"5543","tres"
"5544","trey"
"5545","trez"
"5546","trfa"
"5547","trhf"
"5548","trka"
"5549","trka_1"
"5550","trka_2"
"5551","trkd"
"5552","trkg"
"5553","trkh"
"5554","trma"
"5555","trmb"
"5556","trmd"
"5557","trmfo"
"5558","trmh"
"5559","trmj"
"5560","trml"
"5561","trmn"
"5562","trpa"
"5563","trpb"
"5564","trpc"
"5565","trpc_2"
"5566","trpcf"
"5567","trpd"
"5568","trpe"
"5569","trpf"
"5570","trpl"
"5571","trpr"
"5572","trps"
"5573","trps_2"
"5574","trua"
"5575","trub"
"5576","truc"
"5577","trud"
"5578","trud_1"
"5579","trud_2"
"5580","trwc"
"5581","trwd"
"5582","trwe"
"5583","trwf"
"5584","trwg"
"5585","trwh"
"5586","trwi2"
"5587","trwk"
"5588","trwl"
"5589","trwl1"
"5590","trwm"
"5591","trwn"
"5592","trx"
"5593","trxa"
"5594","trxa_3"
"5595","trxb"
"5596","trxb_1"
"5597","trxb_2"
"5598","trxb_3"
"5599","trxc"
"5600","trxc_2"
"5601","tsaa"
"5602","tsab"
"5603","tsac"
"5604","tsad"
"5605","tsae"
"5606","tsda"
"5607","tsf"
"5608","tsga"
"5609","tsr"
"5610","tsr_1"
"5611","tsr_2"
"5612","tsr_3"
"5613","tssa"
"5614","tssb"
"5615","tssc"
"5616","tsse"
"5617","tssf"
"5618","tssg"
"5619","tssh"
"5620","tssi"
"5621","tssj"
"5622","tssk"
"5623","tssl"
"5624","tssm"
"5625","ttca"
"5626","ttda"
"5627","ttdb"
"5628","ttdr"
"5629","ttdt"
"5630","ttgc"
"5631","ttgg"
"5632","ttra"
"5633","ttrb"
"5634","ttrc"
"5635","ttrr"
"5636","ttrs"
"5637","ttud"
"5638","tuad"
"5639","tub"
"5640","tuf"
"5641","tus"
"5642","tusa"
"5643","tusb"
"5644","tusc"
"5645","tusd"
"5646","tuse"
"5647","tvib"
"5648","tycc_1"
"5649","tycc_2"
"5650","tyea"
"5651","tyna"
"5652","typa"
"5653","tyra"
"5654","tyrb"
"5655","tyrp"
"5656","tyrr"
"5657","tyrs"
"5658","tzs"
"5659","ubia"
"5660","ubia_2"
"5661","ubib"
"5662","ubic"
"5663","ubid"
"5664","ubie"
"5665","ubif"
"5666","ubif_2"
"5667","ubig"
"5668","ubih"
"5669","ubii"
"5670","ubij"
"5671","uca"
"5672","ucpa"
"5673","ucpa1"
"5674","udh"
"5675","udk"
"5676","udp"
"5677","ugd"
"5678","ugl"
"5679","ugpa"
"5680","ugpb"
"5681","ugpc"
"5682","ugpc-2"
"5683","ugpe"
"5684","ugpq"
"5685","uhpa"
"5686","uhpb"
"5687","uhpc"
"5688","uhpc_1"
"5689","uhpc_2"
"5690","uhpt"
"5691","uida"
"5692","uidb"
"5693","uidb_1"
"5694","uidc"
"5695","ulaa"
"5696","ulab"
"5697","ulac"
"5698","ulad"
"5699","ulae"
"5700","ulag"
"5701","ular"
"5702","umuc"
"5703","umuc_1"
"5704","umud"
"5705","umud_1"
"5706","umud_2"
"5707","umud_3"
"5708","ung"
"5709","ung_1"
"5710","ung_2"
"5711","upp"
"5712","upp_2"
"5713","uppp"
"5714","upps"
"5715","uraa"
"5716","urad"
"5717","urah"
"5718","urea"
"5719","ureb"
"5720","urec"
"5721","ured"
"5722","uree"
"5723","uref"
"5724","ureg"
"5725","urta"
"5726","urtb"
"5727","urtc"
"5728","urtd"
"5729","urte"
"5730","usg"
"5731","usha"
"5732","uspa"
"5733","uspb"
"5734","uspc"
"5735","uspe"
"5736","uspf"
"5737","uspg"
"5738","uspg_2"
"5739","uvib"
"5740","uvra"
"5741","uvra_2"
"5742","uvrb"
"5743","uvrc"
"5744","uvrd"
"5745","uvrd_2"
"5746","uvrx"
"5747","uvry"
"5748","uvse"
"5749","uxaa"
"5750","uxac"
"5751","uxua"
"5752","uxua_2"
"5753","uxub"
"5754","uxur"
"5755","vagc"
"5756","vagd"
"5757","vals"
"5758","vana"
"5759","vanb"
"5760","vanh"
"5761","vanr"
"5762","vans"
"5763","vant"
"5764","vanw"
"5765","vanx"
"5766","vanxy"
"5767","vany"
"5768","vanz"
"5769","vapa"
"5770","vapb"
"5771","vapc"
"5772","vapc_1"
"5773","vapc_2"
"5774","vapc_3"
"5775","vapd"
"5776","vaph"
"5777","vapl"
"5778","vasa"
"5779","vat"
"5780","vatd"
"5781","vate"
"5782","ves"
"5783","vgb"
"5784","vgrg"
"5785","viaa"
"5786","vioa"
"5787","vioc"
"5788","viod"
"5789","vira"
"5790","virb"
"5791","virb_1"
"5792","virb1"
"5793","virb10"
"5794","virb11"
"5795","virb11_1"
"5796","virb11_2"
"5797","virb2"
"5798","virb2-2"
"5799","virb3"
"5800","virb4"
"5801","virb4_1"
"5802","virb4_2"
"5803","virb4_3"
"5804","virb4-2"
"5805","virb5"
"5806","virb6"
"5807","virb6-2"
"5808","virb8"
"5809","virb8-2"
"5810","virb9"
"5811","virb9-2"
"5812","virc1"
"5813","virc2"
"5814","vird1"
"5815","vird2"
"5816","vird3"
"5817","vird4"
"5818","vire2"
"5819","vire3"
"5820","virf"
"5821","virg"
"5822","virh2"
"5823","virj"
"5824","virk"
"5825","vnfd"
"5826","vnfk"
"5827","vsr"
"5828","waaa"
"5829","waab"
"5830","waac"
"5831","waac2"
"5832","waaf"
"5833","waao"
"5834","waaz"
"5835","walk"
"5836","walr"
"5837","wbap"
"5838","wbbm"
"5839","wbbn"
"5840","wbbo"
"5841","wbda"
"5842","wbfy"
"5843","wbgt"
"5844","wbgu"
"5845","wbgx"
"5846","wbgz"
"5847","wbpa"
"5848","wbpm"
"5849","wbpy"
"5850","wbyl"
"5851","wcaa"
"5852","wcab"
"5853","wcac"
"5854","wcad"
"5855","wcae"
"5856","wcaf"
"5857","wcai"
"5858","wcaj"
"5859","wcak"
"5860","wcal"
"5861","wcam"
"5862","weca"
"5863","wecb"
"5864","wecc"
"5865","whia"
"5866","whib1"
"5867","wrba"
"5868","wspc"
"5869","wza"
"5870","wzb"
"5871","wzc"
"5872","wzm"
"5873","wzt"
"5874","wzx"
"5875","wzxc"
"5876","wzxe"
"5877","wzy"
"5878","wzye"
"5879","wzz"
"5880","wzzb"
"5881","wzze"
"5882","xanp"
"5883","xapa"
"5884","xcpp"
"5885","xcpq"
"5886","xcpr"
"5887","xcps"
"5888","xcpt"
"5889","xcpu"
"5890","xcpv"
"5891","xcpw"
"5892","xcpx"
"5893","xcpy"
"5894","xdha"
"5895","xdhb"
"5896","xdhc"
"5897","xeca1"
"5898","xerc"
"5899","xerc_1"
"5900","xerc_2"
"5901","xerc_3"
"5902","xerc_4"
"5903","xerd"
"5904","xerd_1"
"5905","xerd_2"
"5906","xerd_3"
"5907","xerd_4"
"5908","xerd_6"
"5909","xers"
"5910","xis"
"5911","xlna"
"5912","xlnb"
"5913","xni"
"5914","xpka"
"5915","xpsf"
"5916","xrtb"
"5917","xsc"
"5918","xsea"
"5919","xseb"
"5920","xth"
"5921","xtha"
"5922","xyla"
"5923","xylb"
"5924","xylb_3"
"5925","xylc"
"5926","xyle"
"5927","xylf"
"5928","xylg"
"5929","xylg_3"
"5930","xylh"
"5931","xylh_2"
"5932","xylk"
"5933","xylm"
"5934","xyls"
"5935","xynr"
"5936","y4mo"
"5937","yaaa"
"5938","yaai"
"5939","yaaj"
"5940","yaau"
"5941","yaax"
"5942","yaay"
"5943","yaba"
"5944","yabg"
"5945","yabi"
"5946","yabj"
"5947","yabp"
"5948","yabq"
"5949","yaca"
"5950","yacb"
"5951","yacc"
"5952","yacg"
"5953","yach"
"5954","yacl"
"5955","yada"
"5956","yade"
"5957","yadg"
"5958","yadh"
"5959","yadi"
"5960","yadl"
"5961","yadm"
"5962","yadn"
"5963","yads"
"5964","yadv"
"5965","yaef"
"5966","yaeh"
"5967","yaep"
"5968","yaeq"
"5969","yaer"
"5970","yafb"
"5971","yafc"
"5972","yafd"
"5973","yafj"
"5974","yafl"
"5975","yafn"
"5976","yafo"
"5977","yafp"
"5978","yafq"
"5979","yafq_1"
"5980","yafs"
"5981","yaft"
"5982","yafv"
"5983","yafw"
"5984","yafx"
"5985","yafz"
"5986","yaga"
"5987","yagb"
"5988","yage"
"5989","yagf"
"5990","yagg"
"5991","yagh"
"5992","yagk"
"5993","yagl"
"5994","yags"
"5995","yagu"
"5996","yahb"
"5997","yahc"
"5998","yahd"
"5999","yahe"
"6000","yahg"
"6001","yahi"
"6002","yahj"
"6003","yahk"
"6004","yahk_1"
"6005","yahk_2"
"6006","yahn"
"6007","yaho"
"6008","yaia"
"6009","yaio"
"6010","yaiw"
"6011","yajc"
"6012","yajd"
"6013","yajl"
"6014","yajr_1"
"6015","ybaa"
"6016","ybab"
"6017","ybak"
"6018","ybal_1"
"6019","ybal_2"
"6020","yban"
"6021","ybao"
"6022","ybaq"
"6023","ybaz"
"6024","ybbh"
"6025","ybbj"
"6026","ybbk"
"6027","ybbl"
"6028","ybbn"
"6029","ybcj"
"6030","ybcn"
"6031","ybco"
"6032","ybdk_1"
"6033","ybdk_2"
"6034","ybdl"
"6035","ybdz"
"6036","ybeb"
"6037","ybed"
"6038","ybey"
"6039","ybez"
"6040","ybfe"
"6041","ybff"
"6042","ybgc"
"6043","ybge"
"6044","ybgf"
"6045","ybgg"
"6046","ybgi"
"6047","ybgl"
"6048","ybgt"
"6049","ybhb"
"6050","ybhc"
"6051","ybhf"
"6052","ybhf_1"
"6053","ybhf_2"
"6054","ybhl"
"6055","ybhn"
"6056","ybho"
"6057","ybhq"
"6058","ybhr"
"6059","ybhs"
"6060","ybhs_1"
"6061","ybht"
"6062","ybib"
"6063","ybii"
"6064","ybij"
"6065","ybio"
"6066","ybip"
"6067","ybir"
"6068","ybis"
"6069","ybiu"
"6070","ybja"
"6071","ybjg"
"6072","ybji_1"
"6073","ybji_2"
"6074","ybjj"
"6075","ybjm"
"6076","ybjo"
"6077","ybjp"
"6078","ybte"
"6079","ybtq"
"6080","ybtx"
"6081","ycad"
"6082","ycad_2"
"6083","ycao"
"6084","ycar"
"6085","ycca"
"6086","yccb"
"6087","ycce"
"6088","yccf"
"6089","yccj"
"6090","yccm"
"6091","yccs"
"6092","yccs_2"
"6093","yccu"
"6094","yccx"
"6095","ycda"
"6096","ycdb"
"6097","ycdf_2"
"6098","ycdx"
"6099","ycdy"
"6100","ycdz"
"6101","ycea"
"6102","yceb"
"6103","ycec"
"6104","yced"
"6105","yced_1"
"6106","yced_2"
"6107","yced_3"
"6108","yced_4"
"6109","ycef"
"6110","yceg"
"6111","yceh"
"6112","ycei"
"6113","ycej"
"6114","ycek"
"6115","ycem"
"6116","ycf"
"6117","ycfa"
"6118","ycfh"
"6119","ycfj"
"6120","ycfl"
"6121","ycfp"
"6122","ycft"
"6123","ycfz"
"6124","ycga"
"6125","ycgb"
"6126","ycge_2"
"6127","ycge_3"
"6128","ycgf"
"6129","ycgj"
"6130","ycgm"
"6131","ycgm_2"
"6132","ycgn"
"6133","ycgr"
"6134","ycgv"
"6135","ycgx"
"6136","ycgz"
"6137","ycha"
"6138","yche"
"6139","ychf"
"6140","ychh"
"6141","ychj"
"6142","ychm_3"
"6143","ychn"
"6144","ycho"
"6145","ycia"
"6146","ycib"
"6147","ycic"
"6148","ycic_1"
"6149","ycic_2"
"6150","ycih"
"6151","ycii"
"6152","yciu"
"6153","yciv"
"6154","yciy"
"6155","ycja"
"6156","ycjg"
"6157","ycjo"
"6158","ycjs"
"6159","ycjy"
"6160","yclq"
"6161","ycne"
"6162","ydab"
"6163","ydaf_2"
"6164","ydba"
"6165","ydbc"
"6166","ydbm"
"6167","ydca"
"6168","ydcq"
"6169","ydcr_1"
"6170","ydcr_4"
"6171","ydda"
"6172","yddb"
"6173","ydde"
"6174","yddg"
"6175","yddh"
"6176","ydea"
"6177","ydee"
"6178","ydek"
"6179","ydem"
"6180","yden"
"6181","ydeo"
"6182","ydep"
"6183","ydeq"
"6184","yder"
"6185","ydes"
"6186","ydfa"
"6187","ydfg"
"6188","ydfh"
"6189","ydfi"
"6190","ydfz"
"6191","ydga"
"6192","ydgt"
"6193","ydhm"
"6194","ydib"
"6195","ydik"
"6196","ydip"
"6197","ydiv"
"6198","ydja"
"6199","ydji"
"6200","ydjp"
"6201","yeag"
"6202","yean_1"
"6203","yeap"
"6204","year"
"6205","yebg"
"6206","yebs"
"6207","yebs_2"
"6208","yecc"
"6209","yecd"
"6210","yeda"
"6211","yeda_2"
"6212","yede"
"6213","yedf"
"6214","yedk"
"6215","yedq"
"6216","yedy"
"6217","yees"
"6218","yeet"
"6219","yeeu"
"6220","yefa"
"6221","yefm"
"6222","yegd"
"6223","yegq"
"6224","yegs"
"6225","yeha"
"6226","yehd"
"6227","yehr"
"6228","yeht"
"6229","yehu"
"6230","yehw"
"6231","yehy"
"6232","yeia"
"6233","yeig"
"6234","yeih"
"6235","yeip"
"6236","yeiu"
"6237","yejb"
"6238","yejd"
"6239","yeje"
"6240","yejf"
"6241","yejk"
"6242","yejl"
"6243","yejm"
"6244","yejm_1"
"6245","yejm_2"
"6246","yenr"
"6247","yesr_1"
"6248","yesw"
"6249","yfae"
"6250","yfau"
"6251","yfax"
"6252","yfbb"
"6253","yfbr"
"6254","yfbt"
"6255","yfbv"
"6256","yfca"
"6257","yfca_1"
"6258","yfca_2"
"6259","yfcb"
"6260","yfcc"
"6261","yfcd"
"6262","yfce"
"6263","yfcf"
"6264","yfcg"
"6265","yfcg_2"
"6266","yfcj"
"6267","yfcz"
"6268","yfda"
"6269","yfdc"
"6270","yfde"
"6271","yfeb"
"6272","yfex"
"6273","yfex_1"
"6274","yfey"
"6275","yfez"
"6276","yffb"
"6277","yfgd"
"6278","yfgf_2"
"6279","yfgg"
"6280","yfgj"
"6281","yfha"
"6282","yfhb"
"6283","yfhl"
"6284","yfia"
"6285","yfic"
"6286","yfih_1"
"6287","yfio"
"6288","yfjd"
"6289","yfjz"
"6290","yfkab"
"6291","yfkm"
"6292","yfmc"
"6293","ygad"
"6294","ygah"
"6295","ygap"
"6296","ygav"
"6297","ygbe"
"6298","ygbi"
"6299","ygbn"
"6300","ygcf"
"6301","ygdb"
"6302","ygdd"
"6303","ygdg"
"6304","ygdh"
"6305","ygdk"
"6306","ygdq"
"6307","ygea"
"6308","ygew"
"6309","ygfb"
"6310","ygfk"
"6311","ygft"
"6312","ygfz"
"6313","ygga"
"6314","yggf"
"6315","yggg_1"
"6316","ygha"
"6317","yghb"
"6318","yghd"
"6319","ygho"
"6320","yghr"
"6321","yghs"
"6322","yght"
"6323","yghu"
"6324","yghw"
"6325","yghz"
"6326","ygib"
"6327","ygic"
"6328","ygid"
"6329","ygif"
"6330","ygil"
"6331","ygim"
"6332","ygin"
"6333","ygiq"
"6334","ygis"
"6335","ygiv"
"6336","ygiw"
"6337","ygiz"
"6338","ygjg"
"6339","ygjh"
"6340","ygji"
"6341","ygjj"
"6342","ygjk"
"6343","ygjp"
"6344","ygjq"
"6345","ygjr"
"6346","ygjv"
"6347","yhah"
"6348","yhah_2"
"6349","yhaj"
"6350","yhak"
"6351","yhav"
"6352","yhbe"
"6353","yhbh"
"6354","yhbo"
"6355","yhbp"
"6356","yhbq"
"6357","yhbs"
"6358","yhbu_3"
"6359","yhbw"
"6360","yhbx"
"6361","yhby"
"6362","yhcb"
"6363","yhcc"
"6364","yhcg"
"6365","yhch"
"6366","yhcn"
"6367","yhco"
"6368","yhcr"
"6369","yhcr_1"
"6370","yhcr_2"
"6371","yhde"
"6372","yhdh"
"6373","yhdj"
"6374","yhdp"
"6375","yhdt"
"6376","yhei_1"
"6377","yhei_2"
"6378","yhes_3"
"6379","yhes_4"
"6380","yhfa"
"6381","yhfc"
"6382","yhgd"
"6383","yhhj"
"6384","yhht"
"6385","yhhy"
"6386","yhii"
"6387","yhjd"
"6388","yhje_1"
"6389","yhjq"
"6390","yiaj"
"6391","yiak"
"6392","yiam"
"6393","yian"
"6394","yiav_1"
"6395","yiay"
"6396","yibh_1"
"6397","yici"
"6398","yici_2"
"6399","yici_3"
"6400","yicl"
"6401","yico"
"6402","yida"
"6403","yidc"
"6404","yidd"
"6405","yidg"
"6406","yidh"
"6407","yidp"
"6408","yidz"
"6409","yieh"
"6410","yiga"
"6411","yigb"
"6412","yigl"
"6413","yiha"
"6414","yihi"
"6415","yihs"
"6416","yiht"
"6417","yihu"
"6418","yihx"
"6419","yiim"
"6420","yijo"
"6421","yjbh"
"6422","yjbq"
"6423","yjbr"
"6424","yjcb"
"6425","yjcc_1"
"6426","yjcc_2"
"6427","yjcd"
"6428","yjce"
"6429","yjch"
"6430","yjco"
"6431","yjcs"
"6432","yjcz"
"6433","yjdf"
"6434","yjdi"
"6435","yjdj"
"6436","yjdl"
"6437","yjdm"
"6438","yjdn"
"6439","yjdp"
"6440","yjeh"
"6441","yjem"
"6442","yjff"
"6443","yjfp"
"6444","yjga"
"6445","yjgh"
"6446","yjgm"
"6447","yjgn"
"6448","yjgr"
"6449","yjia"
"6450","yjia_3"
"6451","yjic"
"6452","yjig"
"6453","yjij"
"6454","yjik"
"6455","yjim"
"6456","yjin"
"6457","yjir"
"6458","yjis"
"6459","yjix"
"6460","yjja"
"6461","yjjb"
"6462","yjjg"
"6463","yjji"
"6464","yjjj"
"6465","yjjp"
"6466","yjjq"
"6467","yjju"
"6468","yjjv"
"6469","yjjw"
"6470","yjjx"
"6471","yjjz"
"6472","yjla"
"6473","yjmd_1"
"6474","yjmd_2"
"6475","yjob"
"6476","yjtd"
"6477","ykfa"
"6478","ykfc"
"6479","ykff"
"6480","ykfg"
"6481","ykfg_1"
"6482","ykfh"
"6483","ykfi"
"6484","ykge"
"6485","ykgf"
"6486","ykgg"
"6487","ykgj"
"6488","ykgm"
"6489","ykgn"
"6490","ykgo"
"6491","ykie"
"6492","ykod"
"6493","ykov"
"6494","ykug"
"6495","ylac"
"6496","ylbg"
"6497","ylbj"
"6498","ylcg"
"6499","ylii"
"6500","ylob"
"6501","ylpa"
"6502","ylqf"
"6503","ymce"
"6504","ymcf"
"6505","ymda"
"6506","ymdb"
"6507","ymdf"
"6508","ymfq"
"6509","ymga"
"6510","ymgd"
"6511","ymge"
"6512","ymgg"
"6513","ymoa"
"6514","ynaj"
"6515","yncb"
"6516","ynci"
"6517","yncl"
"6518","ynea"
"6519","ynfm"
"6520","ynfm_5"
"6521","ynhf"
"6522","yoae"
"6523","yoae_3"
"6524","yoae_4"
"6525","yoaj"
"6526","yoak"
"6527","yoba"
"6528","yodd"
"6529","yoeb"
"6530","yoei"
"6531","yohc"
"6532","yohd"
"6533","yohj"
"6534","yohk_2"
"6535","yohp"
"6536","yokd"
"6537","yopb"
"6538","yopd"
"6539","yope"
"6540","yoph"
"6541","yopj"
"6542","yopk"
"6543","yopm"
"6544","yopn"
"6545","yopo"
"6546","yopp"
"6547","yopr"
"6548","yopt"
"6549","ypda"
"6550","ypdk"
"6551","ypea"
"6552","ypfh"
"6553","ypfm"
"6554","ypha"
"6555","ypjd"
"6556","ypmt"
"6557","yqaa"
"6558","yqab"
"6559","yqas"
"6560","yqcc"
"6561","yqec"
"6562","yqeg"
"6563","yqeh"
"6564","yqei"
"6565","yqek"
"6566","yqfb"
"6567","yqfc"
"6568","yqfd"
"6569","yqgb"
"6570","yqha"
"6571","yqhc"
"6572","yqhd"
"6573","yqhg"
"6574","yqhh"
"6575","yqia"
"6576","yqib"
"6577","yqig"
"6578","yqih"
"6579","yqii"
"6580","yqij"
"6581","yqik"
"6582","yqik_1"
"6583","yqja"
"6584","yqjc"
"6585","yqjd"
"6586","yqje"
"6587","yqjf"
"6588","yqjg"
"6589","yqjk"
"6590","yqjz"
"6591","yrah"
"6592","yrai"
"6593","yrap"
"6594","yrbg"
"6595","yrbl"
"6596","yrbn"
"6597","yrda"
"6598","yrfg"
"6599","yrkp"
"6600","yrkq"
"6601","ysab"
"6602","ysca"
"6603","yscb"
"6604","yscc"
"6605","yscd"
"6606","ysce"
"6607","yscj"
"6608","yscl"
"6609","yscn"
"6610","ysco"
"6611","yscq"
"6612","yscr"
"6613","yscs"
"6614","ysct"
"6615","yscu"
"6616","yscw"
"6617","yscy"
"6618","ysne"
"6619","ytaf"
"6620","ytfb"
"6621","ytfe"
"6622","ytff"
"6623","ytfh"
"6624","ytfj"
"6625","ytfk"
"6626","ytfl"
"6627","ytfp"
"6628","ytfq"
"6629","ytfr"
"6630","ytft"
"6631","ytga"
"6632","ytia"
"6633","ytja"
"6634","ytjb"
"6635","ytkd"
"6636","ytnp_2"
"6637","ytrf"
"6638","ytvi"
"6639","ytxc"
"6640","ytxj"
"6641","ytzi"
"6642","yubf"
"6643","yubj"
"6644","yubl"
"6645","yubm"
"6646","yubp"
"6647","yubq"
"6648","yunb"
"6649","yurk"
"6650","yuso_1"
"6651","yusv_2"
"6652","yusv_5"
"6653","yuxj"
"6654","yuzj"
"6655","yvck"
"6656","yvoa_3"
"6657","ywad"
"6658","ywjb"
"6659","ywnh"
"6660","ywpe"
"6661","ywpj"
"6662","ywrd"
"6663","yxep"
"6664","yxep_5"
"6665","yxjc"
"6666","yyac"
"6667","yybr"
"6668","zapa"
"6669","zapb"
"6670","zapc"
"6671","zapd"
"6672","zape"
"6673","zint"
"6674","zipa"
"6675","zitb"
"6676","zneb"
"6677","znta"
"6678","znta_1"
"6679","znta_2"
"6680","zntb"
"6681","zntr"
"6682","znua"
"6683","znub"
"6684","znuc"
"6685","zrap"
"6686","zrar"
"6687","zras"
"6688","zupt"
"6689","zur"
"6690","zwf"
